name,album,artist,id,release_date,pop,length,danceability,acousticness,energy,instrumentalness,liveness,valence,loudness,speechiness,tempo,key,time_signature,mood,Genre
1999,1999,Prince,2H7PHVdQ3mXqEHXcvclTB0,27/10/1982,68,379266,0.866,0.137,0.73,0,0.0843,0.625,-8.201,0.0767,118.523,5,4,Happy,funk
23,23,Blonde Redhead,4HIwL9ii9CcXpTOTzMq0MP,16/04/2007,43,318800,0.381,0.0189,0.832,0.196,0.153,0.166,-5.069,0.0492,120.255,8,4,Sad,pop
9 Crimes,9,Damien Rice,5GZEeowhvSieFDiR8fQ2im,6/11/2006,60,217946,0.346,0.913,0.139,7.73E-05,0.0934,0.116,-15.326,0.0321,136.168,0,4,Sad,rock
99 Luftballons,99 Luftballons,Nena,6HA97v4wEGQ5TUClRM0XLc,21/08/1984,2,233000,0.466,0.089,0.438,5.62E-06,0.113,0.587,-12.858,0.0608,193.1,4,4,Happy,pop
A Boy Brushed Red Living In Black And White,They're Only Chasing Safety,Underoath,47IWLfIKOKhFnz1FUEUIkE,1/01/2004,60,268000,0.419,0.00171,0.932,0,0.137,0.445,-3.604,0.106,169.881,1,4,Energetic,metal
A Little Less Conversation - JXL Radio Edit Remix,rock,Elvis Presley,4l2hnfUx0esSbITQa7iJt0,28/12/2009,1,211173,0.586,0.000155,0.935,0.277,0.159,0.58,-9.386,0.0482,114.997,4,4,Happy,rock
A Place for My Head,Hybrid Theory (Bonus Edition),Linkin Park,5rAxhWcgFng3s570sGO2F8,24/10/2000,68,184640,0.603,0.0144,0.908,0,0.671,0.457,-5.254,0.184,133.063,11,4,Energetic,metal
ATTACK,A Beautiful Lie + 30 Seconds To Mars,Thirty Seconds To Mars,6QxTWEvzcJljVZaeTzuHF1,15/05/2007,0,189200,0.331,0.00344,0.876,0.000835,0.732,0.299,-1.894,0.0603,175.009,5,4,Energetic,rock
Adagio For Strings,Adagio For Strings,Lucas & Steve,1RvDsjCBDTES3lPiEGNNMY,9/11/2018,55,197189,0.349,0.000877,0.793,0.431,0.22,0.0398,-6.748,0.0677,127.139,10,4,Energetic,edm
Afraid of Heights,Afraid of Heights,Billy Talent,0P44AUPRzaIAHNWquN0fGR,29/07/2016,38,225680,0.543,0.000168,0.991,1.31E-05,0.374,0.766,-2.78,0.0668,150.031,9,4,Energetic,punk
Africa,Toto IV,TOTO,2374M0fQpWi3dLnB54qaLX,8/04/1982,84,295893,0.671,0.257,0.373,7.95E-05,0.0481,0.732,-18.064,0.0323,92.717,9,4,Happy,rock
After The Rain,After The Rain,Comet Blue,2XBc2jWnvPqNO2LebVtLaY,3/08/2020,24,116625,0.456,0.993,0.0337,0.948,0.126,0.3,-26.87,0.0334,97.199,0,4,Calm,edm
Afterlife,Avenged Sevenfold,Avenged Sevenfold,4QdwsME04RG25KPHcPYoox,30/10/2007,13,351560,0.492,0.000444,0.95,6.22E-05,0.22,0.391,-4.195,0.076,110.027,2,4,Energetic,metal
Algo Rhythm,Temporär Musik 1-13,One Sentence. Supervisor,0PqJ7LSknltqqMNqPDClNA,28/10/2016,0,210626,0.402,1.19E-05,0.75,0.959,0.122,0.58,-7.358,0.0293,149.941,2,4,Sad,rock
Alison,Souvlaki,Slowdive,55CenVQ4alvDJ1PS8aYB0m,1993,0,231893,0.279,0.00957,0.423,0.837,0.128,0.291,-12.06,0.038,101.571,4,4,Sad,rock
Alive,Alive,Paris Blohm,2rPJcL8gQauA2nBdRyNZZL,16/11/2018,51,180468,0.494,0.00248,0.847,0,0.0502,0.148,-3.996,0.0537,129.909,0,4,Energetic,edm
All I Want,The Kodaline EP,Kodaline,1XczdQt6RKNkEQfPqUsi3q,7/09/2012,29,306600,0.189,0.113,0.427,0.0923,0.058,0.158,-9.08,0.0449,187.212,0,3,Sad,pop
All Mirrors,All Mirrors,Angel Olsen,4ZQdynvfiayhdoq5lcuCQ1,31/07/2019,1,282026,0.429,0.00299,0.689,0.00193,0.152,0.23,-7.38,0.0379,105.04,7,4,Sad,rock
All These Things I Hate (Revolve Around Me),The Poison,Bullet For My Valentine,6hZkQjIQBY7HAj4nzLUvdx,1/09/2005,39,225440,0.488,0.0303,0.879,0,0.288,0.483,-3.505,0.0514,94.003,6,3,Energetic,metal
All in the Suit That You Wear,Thank You,Stone Temple Pilots,17Nk1aji6gd26vabky7fMi,10/11/2003,39,219573,0.429,1.94E-05,0.982,0.0185,0.312,0.583,-2.962,0.0617,122.881,2,4,Energetic,metal
All of Me,Love In The Future (Expanded Edition),John Legend,3U4isOIWM3VvDubwSI3y7a,30/08/2013,85,269560,0.422,0.922,0.264,0,0.132,0.331,-7.064,0.0322,119.93,8,4,Sad,soul
All or Nothing (feat. Axel Ehnström) - Deluxe Mix,Less is More (Deluxe),Lost Frequencies,15bAMg00o4VdWmQrlkbfG3,14/07/2017,22,170458,0.737,0.226,0.816,0.453,0.621,0.533,-9.22,0.0411,124.014,4,4,Happy,edm
Always,Back Into Your System,Saliva,7kpa6MWRrPaF3b6C0DgioK,12/11/2002,63,231200,0.363,0.0122,0.906,0,0.172,0.371,-4.415,0.0615,181.964,1,4,Energetic,metal
Anchor,Anchor,Novo Amor,6x6XKEUcCJGUACD4Xh7KuP,23/10/2015,0,256282,0.486,0.755,0.356,0.861,0.0986,0.111,-13.649,0.0318,117.141,9,4,Sad,folk
Andromeda,Andromeda,Weyes Blood,0L6lVIgGqVHnmR3BIy8GHa,17/01/2019,36,280186,0.463,0.367,0.462,0.0012,0.356,0.189,-7.94,0.0272,131.273,1,4,Sad,pop
Angel's Song,Angel's Song,Arlo Parks,5hXTMmVXz1Ablgu34BkTz1,20/11/2019,58,197243,0.693,0.894,0.195,0.0325,0.126,0.315,-15.278,0.0446,116.725,11,4,Sad,pop
Angry Chair,The Essential Alice In Chains,Alice In Chains,6H0wgcQCOuLYqDuNhMW8KL,24/07/2006,22,288400,0.313,0.0642,0.973,1.22E-06,0.0581,0.118,-3.855,0.109,107.3,8,4,Energetic,metal
Anthem,Anthem,EDX,1SSAvErVyid5OXzmtGZKkg,30/03/2018,44,158483,0.664,0.00152,0.86,0.894,0.197,0.249,-4.505,0.0345,121.991,7,4,Happy,edm
Anthem of Our Dying Day,Page Avenue (US Non-PA Version),Story Of The Year,4sPJgy0CksvmXp9jC0W4gv,16/09/2003,56,216026,0.388,0.0211,0.8,0,0.212,0.357,-6.33,0.0783,194.744,9,3,Energetic,pop
Are You Gonna Be My Girl,Get Born,Jet,305WCRhhS10XUcH6AEwZk6,15/09/2003,75,213800,0.613,0.00148,0.953,0.000582,0.152,0.537,-3.435,0.0855,105.046,2,4,Happy,rock
As I Sleep (feat. Charlee),As I Sleep (feat. Charlee),Tobtok,72qlZsoVPpyFxVjL6GUuYI,13/04/2018,55,193471,0.694,0.0195,0.824,0.0426,0.327,0.202,-6.306,0.161,123.014,8,4,Energetic,edm
Ashes to Ashes,Ashes to Ashes,Warpaint,2lJa0SY7vZpvJ7QDFanOuZ,5/10/2010,51,310226,0.696,0.186,0.871,0.0282,0.173,0.8,-6.482,0.0357,118.938,1,4,Sad,edm
Away From Me,Life On Display,Puddle Of Mudd,4wzaTdhmBgpch7IXu3CskA,1/01/2003,0,238466,0.396,0.00061,0.93,0,0.168,0.195,-2.939,0.1,154.777,8,4,Energetic,metal
Back Where I Belong (feat. Avicii),Back Where I Belong (feat. Avicii),Otto Knows,78W8wiUIlQ2SnWY9TVowKZ,3/06/2016,56,174202,0.497,0.0306,0.865,0.0679,0.443,0.595,-3.19,0.0644,125.96,0,4,Energetic,edm
Ballad of the Dying Man,Ballad of the Dying Man,Father John Misty,65w8nArxPq2EzOAhteymf0,1/02/2017,0,290736,0.399,0.848,0.443,0.000406,0.0899,0.265,-9.168,0.0272,139.643,5,4,Sad,pop
Bat Country,City of Evil,Avenged Sevenfold,6irNz2hSXvd2QJG0vXyBFR,6/06/2005,39,311813,0.541,0.000248,0.968,8.28E-06,0.423,0.505,-4.129,0.0396,125.04,0,4,Energetic,metal
Be My Mistake,A Brief Inquiry Into Online Relationships,The 1975,0AG2l0IboWNSwjUkMr2Aq7,30/11/2018,39,256688,0.572,0.835,0.155,0.000137,0.0906,0.0949,-14.405,0.0344,109.923,6,3,Sad,rock
Beautiful Life,Beautiful Life,Lost Frequencies,2s25Z079T5KRzfqEQRMQQ4,3/06/2016,31,161463,0.732,0.127,0.52,0.0347,0.139,0.339,-6.684,0.0376,119.979,2,4,Happy,edm
Before You Go,Divinely Uninspired To A Hellish Extent (Extended Edition),Lewis Capaldi,2gMXnyrvIjhVBUZwvLZDMP,22/11/2019,85,215106,0.459,0.604,0.575,0,0.0885,0.183,-4.858,0.0573,111.881,3,4,Sad,pop
Bennie And The Jets - Remastered 2014,Goodbye Yellow Brick Road (40th Anniversary Celebration/ Super Deluxe Edition),Elton John,3iJxloILmOu2NIRZ0OGyui,5/10/1973,0,322548,0.666,0.251,0.668,5.77E-06,0.499,0.765,-7.961,0.0523,132.666,0,4,Happy,rock
Better Than Today,Better Than Today,Rhys Lewis,6MLHg35rlksBc5OBcdZvJi,4/01/2019,60,230353,0.387,0.736,0.234,0,0.084,0.408,-8.861,0.0373,78.65,0,4,Sad,pop
Billinghurst,Damon EP,Jeremy Olander,6B2jQL05apmJlDZtPIxD3R,21/04/2017,0,456585,0.769,0.0305,0.701,0.85,0.0929,0.168,-9.089,0.062,123.011,5,4,Energetic,edm
Bird,Writing of Blues and Yellows (Deluxe Version),Billie Marten,6DzvC1VHpyTFfLBbAYBa7W,23/09/2016,55,220640,0.235,0.988,0.187,0.00197,0.106,0.118,-12.754,0.0347,85.962,6,4,Sad,pop
Bison on the Plains,Bison on the Plains,Grandaddy,0e0hVla9NkILk2JWOwVCMW,19/11/2018,32,308800,0.476,0.285,0.522,0.0127,0.193,0.0973,-8.159,0.0281,133.874,9,4,Sad,rock
Black Car,Black Car,edm,7ESnexsnylx85YfT6ZiSun,2/05/2018,0,251160,0.407,0.344,0.549,0.901,0.111,0.32,-10.244,0.0293,77.473,9,4,Sad,pop
Blackout,Blackout,(Hed) P.E.,6yTnvHRhUuuaoxy4dHzLGo,2003,37,233266,0.548,0.00016,0.864,0.00262,0.0354,0.5,-6.258,0.0557,95.569,1,4,Energetic,metal
Bleed American,Bleed American,Jimmy Eat World,61XspFITuKmAlYdQacNCbF,17/07/2001,63,181493,0.438,0.00842,0.938,1.08E-06,0.806,0.584,-5.611,0.094,160.212,6,4,Energetic,metal
Bloodbuzz Ohio,Bloodbuzz Ohio,SOAK,2pfkaHd8arhESSxyJAou6g,25/11/2019,46,279967,0.441,0.715,0.268,1.49E-06,0.11,0.057,-8.173,0.0308,140.073,6,4,Sad,rock
Bloom,Bloom,Hilder Sky,5DP6ow4t5Mmfge0fMRhSJD,30/05/2019,52,121069,0.249,0.945,0.129,0.839,0.17,0.253,-18.167,0.0324,70.59,4,5,Calm,classical
Bloom Innocent,Bloom Innocent,Fink,7zNT9GE070fYjnhx6TFWnQ,4/09/2019,20,416353,0.519,0.931,0.236,0.133,0.127,0.283,-18.378,0.0362,80.008,2,4,Sad,folk
Blow,Blow,Yves V,4nX11Rjdh7AuM8Ezb73m1R,15/05/2017,0,165000,0.603,0.0186,0.902,0.683,0.105,0.135,-5.979,0.0494,127.973,5,4,Happy,edm
rock,rock,Bingo Players,3wcaYUOKVSEbmmGB43YGqf,16/11/2018,46,158212,0.627,0.00919,0.944,0.00311,0.444,0.551,-4.459,0.344,126.078,5,4,Happy,rock
Boiler,Chocolate Starfish And The Hot Dog Flavored Water (Explicit Version),Limp Bizkit,5UaOg4eymp98fxKyx6SHmB,1/01/2000,0,420266,0.443,0.00393,0.722,0.0155,0.0373,0.167,-6.326,0.0865,111.324,6,4,Energetic,metal
Bortom Träden,I Blomstertid,Erik Reno,4CFlaEtdgeu4mFmnUApAyl,7/06/2020,48,260564,0.446,0.801,0.0586,0.85,0.0876,0.111,-26.416,0.0416,124.019,8,4,Calm,pop
Bottom Of The Sea,Bottom Of The Sea,Isaac Elton,5OTdNMpl1EPr3tOLyyRIc3,11/07/2017,48,242213,0.775,0.00681,0.66,0.171,0.22,0.425,-7.929,0.0444,126.022,0,4,Happy,edm
Bottom of a Bottle,Shapeshifter,Smile Empty Soul,1XZrMIHtCVJPqK29Mzm44G,1/04/2016,61,221826,0.537,0.00236,0.847,1.16E-06,0.0844,0.459,-5.208,0.0383,106.055,6,4,Energetic,metal
Break Stuff,Significant Other (Explicit),Limp Bizkit,1rJ1xX2XBC8nesYapeO6Av,16/06/1999,0,166706,0.45,0.0108,0.877,0.000643,0.112,0.663,-6.676,0.156,108.501,8,4,Energetic,metal
Breathe Me,Colour The Small One,Sia,7jqzZyJJLrpkRFYGpkqSK6,1/01/2004,68,272800,0.552,0.0364,0.643,0.74,0.105,0.212,-7.36,0.0327,120.012,0,4,Sad,edm
Brimful of Asha - Norman Cook Remix,Why Try Harder - Greatest Hits,Fatboy Slim,5BegkNkGXa6TUobnxy5LFL,1/06/2006,0,238933,0.663,0.18,0.957,0,0.348,0.937,-2.823,0.0584,125.678,11,4,Happy,pop
Bruises,Divinely Uninspired To A Hellish Extent,Lewis Capaldi,4Of7rzpRpV1mWRbhp5rAqG,17/05/2019,84,220492,0.736,0.946,0.308,0,0.186,0.361,-7.83,0.0677,111.202,4,4,Sad,pop
Butterfly,The Gift Of Game,Crazy Town,4BggEwLhGfrbrl7JBhC8EC,4/11/1999,71,216733,0.736,0.00132,0.811,0.000142,0.107,0.609,-4.17,0.081,103.502,9,4,Happy,metal
California Dreamin',If You Can Believe Your Eyes And Ears,The Mamas & The Papas,63rva3TBizr6x1Yp5uwKfD,1966-03,50,157960,0.554,0.628,0.667,0,0.0486,0.597,-10.226,0.0342,112.749,1,4,Happy,rock
Chariot,B-Sides and Rarities,edm,6dB3Uad2TOaJcGKpM3zizO,30/06/2017,42,316507,0.374,0.663,0.426,0.607,0.0886,0.0902,-7.395,0.0315,102.174,10,4,Sad,pop
Chocolate,The 1975,The 1975,4WiiRw2PHMNQE0ad6y6GdD,1/01/2013,66,224673,0.614,0.000532,0.938,0,0.368,0.607,-4.461,0.0611,100.058,11,4,Happy,rock
Chop Suey!,Toxicity,System Of A Down,2DlHlPMa4M17kufBvI2lEN,4/09/2001,79,210240,0.419,0.000278,0.934,0.0015,0.132,0.286,-3.908,0.12,127.288,7,4,Energetic,metal
Clap Your Hands,Clap Your Hands,Sia,pop,9/04/2010,44,238466,0.699,0.000532,0.87,0.0219,0.359,0.778,-4.925,0.0546,120.033,0,4,Happy,edm
Cleansing,Cleansing,Jacco Wynia,6u1ymcw9MTK9mPGy8XdvEb,29/05/2020,36,304217,0.18,0.956,0.0754,0.926,0.11,0.0366,-26.645,0.0346,71.675,9,4,Calm,classical
Click Click Boom,Every Six Seconds,Saliva,1LMVGL3030W3mGmRrd2hCm,1/01/2001,0,252400,0.607,0.00259,0.935,0.000221,0.195,0.51,-2.918,0.0506,95.97,6,4,Energetic,metal
Cold Arms,Wilder Mind,Mumford & Sons,7kpZ9isu48poYKpaAb0wiR,1/05/2015,0,169906,0.431,0.815,0.144,1.10E-06,0.124,0.0491,-12.07,0.039,137.683,11,4,Sad,rock
Cold as Stone (feat. Charlotte Lawrence) - Lipless Remix,Cold as Stone (Remixes) (feat. Charlotte Lawrence),Kaskade,6chZg1OMXz9VN3MQCr4cNf,4/05/2018,57,228666,0.619,0.237,0.663,0,0.111,0.142,-6.937,0.0366,123.93,7,4,Energetic,edm
Come Out And Play (Keep ‘Em Separated),Greatest Hits,The Offspring,0Yb5Kfpf3boElZNa61wPdJ,21/06/2005,68,197800,0.476,0.0535,0.856,6.75E-06,0.0846,0.847,-3.764,0.161,158.671,7,4,Energetic,metal
Coming Undone,Coming Undone,Korn,261QAU5PAmYYv0KPr0vc49,2005,0,199773,0.696,0.000855,0.677,0.000247,0.0646,0.551,-4.178,0.0554,150.125,2,4,Energetic,metal
Consequences,Camila,Camila Cabello,7sTtHHrD0zDpmzQzH3zegz,12/01/2018,74,178466,0.455,0.889,0.292,0,0.106,0.43,-6.792,0.0563,84.339,0,5,Sad,pop
Conversation,Conversation,Lucy Rose,4THgqBGsTYJcNcQWCV92AP,10/01/2019,45,229560,0.242,0.901,0.137,0.0105,0.167,0.0644,-16.332,0.0322,92.454,2,3,Sad,folk
Count On You - ATFC's C-thru Remix,Count On You (ATFC's C-thru Remix),Autoerotique,7GL2SOvJXs8QVLX0cUADeq,16/07/2018,42,235594,0.825,0.00735,0.925,0.808,0.057,0.567,-7.502,0.0463,123.025,4,4,Happy,edm
Count That - R3HAB Edit,Count That (R3HAB Edit),Steff da Campo,1J1wnDwBjkFvDVOxNOLVjY,9/11/2018,41,125161,0.686,0.0957,0.955,0.00621,0.0809,0.447,-3.665,0.113,123.978,1,4,Energetic,edm
Courage,Courage,Ian Wong,0gj8zftpww3PXx8xea7Ygn,28/02/2020,34,162083,0.635,0.994,0.0302,0.952,0.107,0.237,-26.234,0.0401,83.222,1,1,Calm,rock
Crash,Crash,Chris Malinchak,1FXlhqcYaiw6KuUYtXdtAi,7/03/2018,57,232981,0.689,0.000455,0.456,0.882,0.07,0.238,-12.307,0.0339,126,2,4,Happy,edm
Crawling In The Dark,Hoobastank,Hoobastank,1eK4KsyjAzr2xJ86Tj5SWa,1/01/2001,0,175026,0.592,0.000295,0.932,7.59E-05,0.138,0.698,-4.491,0.0885,93.675,6,4,Energetic,metal
Crazy,St. Elsewhere,Gnarls Barkley,1vxw6aYJls2oq3gW0DujAo,24/04/2006,77,177466,0.855,0.0505,0.587,0.00714,0.105,0.64,-4.589,0.0336,111.97,8,4,Happy,edm
Creep,The Best Of,Radiohead,1ytTeSRAU6IRo2itVDwtPv,7/04/2008,0,238640,0.515,0.0102,0.43,0.000141,0.129,0.104,-9.935,0.0369,91.841,7,4,Sad,rock
Crystal Baller - 2006 Remaster,A Collection,Third Eye Blind,0uESMJnrEKYnZoRbNTvmpB,18/07/2006,31,255760,0.379,0.0142,0.695,1.13E-05,0.196,0.432,-5.922,0.0705,193.672,0,4,Energetic,metal
Cursive,As Long As - EP,Billie Marten,5Iy1wdO0tMaHwKnfFYtlel,13/11/2015,62,240400,0.494,0.935,0.267,5.58E-05,0.128,0.166,-11.54,0.0308,115.117,0,3,Sad,pop
Daar Gaat Ze,Clouseau30,Clouseau,7kMPC3vgXk3o9xUP3GWAJ0,1/09/2017,5,227906,0.639,0.78,0.492,0,0.117,0.666,-8.497,0.0288,87.033,5,4,Happy,pop
Dance Little Sister,Introducing The Hardline According To Terence Trent D'Arby,Terence Trent D'Arby,4o9Kj7onklt6xbYl3jVArp,6/07/1987,53,234640,0.722,0.161,0.696,0,0.0755,0.93,-11.095,0.0901,115.397,2,4,Happy,pop
Dancing On My Own,Dancing On My Own,Calum Scott,02WacdrRpm4zlP8H7X6bnQ,3/06/2016,9,260004,0.608,0.851,0.174,1.92E-05,0.0855,0.193,-8.796,0.0332,112.175,1,4,Sad,pop
Dancing Through Sunday,Sing The Sorrow,AFI,4O5GKVbnQ8U9BxYWu0hIug,2003,47,146666,0.555,0.00291,0.98,0,0.279,0.643,-2.849,0.0947,114.078,3,4,Energetic,metal
Dancing With Your Ghost,Dancing With Your Ghost,Sasha Sloan,1TQXIltqoZ5XXyfCbAeSQQ,28/06/2019,78,197732,0.629,0.761,0.327,2.96E-05,0.103,0.381,-8.285,0.029,74.953,11,4,Sad,alt z
Dani California,Stadium Arcadium,Red Hot Chili Peppers,10Nmj3JCNoMeBQ87uw5j8k,9/05/2006,77,282160,0.556,0.0193,0.913,8.59E-06,0.346,0.73,-2.36,0.0437,96.184,0,4,Energetic,rock
Dark Side of the Gym,Sleep Well Beast,The National,1OdpIb0nzhDcqwkiYp0O1u,8/09/2017,52,290093,0.642,0.726,0.475,0.786,0.12,0.453,-11.404,0.0294,103.955,2,3,Sad,pop
Darkest Hour,Darkest Hour,Low Roar,36I7pi5g6XZJm3bcgqmLyE,18/10/2019,29,179520,0.694,0.612,0.359,0.738,0.137,0.348,-16.105,0.0408,125.077,9,4,Sad,rock
Day 5: For Carol,5 Day Mischon,Tom Misch,3JjeC1epY5y2Jysxn5FVCB,31/03/2017,56,394862,0.485,0.765,0.497,0.886,0.132,0.065,-10.022,0.0308,100.857,2,4,Calm,rock
Desire Lines,Split,Lush,63JP68VirmCXtWRoMTX8Xi,1994,39,459506,0.379,0.000169,0.652,0.0043,0.077,0.0724,-5.406,0.0325,121.035,9,4,Sad,rock
Dew Drops,Vortex,Pieter de Graaf,0NnFglDnuZH6qKuvhZpB0r,11/10/2019,50,335636,0.27,0.939,0.0384,0.936,0.1,0.0708,-24.513,0.0361,59.81,11,4,Calm,classical
Do It Again,Do It Again,Steve Aoki,5yzzy7Hevww3RDntQM5mG1,19/04/2019,0,176129,0.701,0.119,0.95,0.00355,0.221,0.477,-3.026,0.0675,124.002,9,4,Energetic,edm
Dolerme,Dolerme,ROSALÍA,2reL9PAUza4PUtbjqW1fRf,24/03/2020,68,143975,0.545,0.785,0.478,0.00278,0.123,0.318,-7.035,0.0559,173.746,8,4,Sad,pop
Don't Stop,Rumours,Fleetwood Mac,4SXU3lUZ1eb4JWWbkQw43Y,4/02/1977,0,192133,0.686,0.0398,0.632,2.20E-06,0.0686,0.88,-11.433,0.0353,118.965,9,4,Happy,rock
Don't Stop Me Now - 2011 Mix,jazz,Queen,7hQJA50XrCWABAu5v6QZ4i,10/11/1978,74,209413,0.563,0.0472,0.865,0.000191,0.77,0.601,-5.277,0.16,156.271,5,4,Happy,rock
Don't You (Forget About Me) - Remastered,Celebrate (Greatest Hits),Simple Minds,0A4PZuepTcIQVvA5m7R0M1,25/03/2013,11,263973,0.602,0.00398,0.784,0.0852,0.0931,0.918,-7.976,0.0313,133.019,11,4,Happy,rock
Don’t Delete The Kisses,Visions Of A Life,Wolf Alice,1LomCMl5wD3MPVlC6smUHe,29/09/2017,59,275226,0.604,0.0011,0.789,0.828,0.368,0.348,-6.259,0.0273,122.032,5,4,Sad,rock
Down On The Corner,Willy And The Poor Boys (40th Anniversary Edition),Creedence Clearwater Revival,4YMLW13PuuO7o3jkIWlKAs,2/11/1969,0,166280,0.831,0.594,0.544,0.00389,0.0736,0.856,-9.288,0.0837,108.177,0,4,Happy,rock
Dragula,Hellbilly Deluxe,Rob Zombie,6Nm8h73ycDG2saCnZV8poF,1/01/1998,70,222826,0.591,8.74E-05,0.963,0.000107,0.0781,0.609,-6.489,0.0531,125.03,0,4,Energetic,metal
Dreams Tonite,Antisocialites,Alvvays,0DRvClQbN9znQ295sx76VC,8/09/2017,62,196026,0.511,0.0108,0.622,4.51E-06,0.127,0.425,-5.727,0.0242,99.934,2,4,Sad,pop
Driver's Seat,Fickle Heart (Plus Two Bonus Cuts),Sniff 'n' The Tears,0fJFBbpUxTwjhh1ScBQjeX,1978,56,240746,0.754,0.0186,0.804,0.0604,0.207,0.972,-7.189,0.0368,132.967,11,4,Happy,pop
Duality,Vol. 3: The Subliminal Verses,Slipknot,61mWefnWQOLf90gepjOCb3,2004,76,252613,0.354,0.000237,0.982,0.000294,0.204,0.194,-3.026,0.168,143.772,4,4,Energetic,metal
Duck And Run,The Better Life,3 Doors Down,0s8OsDxW96cl290PcsI2mX,2000,43,230600,0.524,0.0149,0.919,7.05E-05,0.131,0.848,-5.505,0.0436,87.931,4,4,Energetic,metal
Dust On The Ground,Flaws,Bombay Bicycle Club,2SbIONplUQ0BvXyRgGDgCz,1/01/2010,0,243752,0.605,0.757,0.319,0.00237,0.116,0.273,-10.892,0.0306,109.603,10,4,Sad,rock
edm,edm,FTampa,6AlzF33SOFB8vfrmABo0jV,9/11/2018,49,155625,0.653,0.00775,0.907,0.82,0.342,0.238,-5.877,0.11,128.079,7,4,Energetic,edm
Easily,A Song For Every Moon,Bruno Major,2k9N4caeCIJLOWwWwssrEM,31/08/2017,76,210240,0.772,0.491,0.256,0.00612,0.144,0.357,-8.545,0.0481,118.902,7,3,Sad,pop
Easy Lover,Chinese Wall,Philip Bailey,7INi4pMPG4IE0Smx5y4KVf,20/03/1985,68,304506,0.749,0.0674,0.699,0.00192,0.0763,0.935,-13.108,0.0371,128.904,1,4,Happy,rock
Edge of Seventeen,Crystal Visions...The Very Best of Stevie Nicks,Stevie Nicks,2id8E4WvczfKHB4LHI7Np3,27/03/2007,70,329680,0.59,0.277,0.828,5.57E-06,0.0868,0.636,-6.28,0.0439,111.353,0,4,Happy,rock
Electronic Memories (feat. Mickey Kojak),Find Paradise,k?d,2viJufnGlsjR1X51CEHpeg,5/10/2018,51,237346,0.602,0.0992,0.926,0.0449,0.241,0.574,-1.62,0.0897,100.014,5,4,Energetic,edm
Emotions in Motion,Emotions in Motion,Jaakko Eino Kalevi,4UmpEQtTlhBOxDPePaK8qR,1/08/2018,23,256906,0.651,0.199,0.503,0.644,0.0781,0.558,-10.906,0.0323,133.044,0,4,Sad,pop
Enemy,Seasons - Clean,Sevendust,3eqyYjMYUHGlmtCP4C4iSX,7/10/2003,43,183400,0.572,0.000181,0.99,0.000295,0.118,0.397,-1.992,0.066,106.912,1,4,Energetic,metal
Essential Attitudes,Honey,Peals,0T3UHut7JmCi5jcgYiMawm,16/09/2016,50,217987,0.444,0.449,0.497,0.722,0.081,0.25,-12.601,0.0383,99.093,5,4,Calm,rock
Every Kinda People,Double Fun,Robert Palmer,5jkUfQV3wlplyoz0PUja09,1/01/1978,0,199200,0.631,0.248,0.547,0.000119,0.0523,0.962,-12.626,0.036,94.533,6,4,Happy,rock
Every Way,Every Way,Antonio Giacca,4xxyCh7xkK30LVBO81poif,20/07/2018,49,166211,0.879,0.019,0.908,2.62E-06,0.309,0.759,-4.422,0.126,123.036,11,4,Energetic,edm
Everybody Hurts,Part Lies Part Heart Part Truth Part Garbage 1982-2011,R.E.M.,0sSxUKtpE11r5VVx1DIMww,11/11/2011,0,316880,0.282,0.568,0.476,0.0185,0.157,0.186,-6.524,0.0274,187.604,2,3,Sad,rock
Everyday People,R&B: From Doo-Wop To Hip-Hop,Various Artists,7lL2lMWNtzOcf5HnEudNgn,8/10/1999,63,139506,0.813,0.245,0.619,0.0151,0.113,0.774,-8.203,0.0294,114.58,7,4,Happy,classical
Faces,Scary Kids Scaring Kids,Scary Kids Scaring Kids,2G7cxwbFSMneFgTMdnvICw,25/09/2007,43,205706,0.368,3.44E-05,0.967,3.44E-05,0.317,0.537,-3.464,0.0566,194.982,2,4,Energetic,metal
Falling,Fine Line,Harry Styles,1ZMiCix7XSAbfAJlEZWMCp,13/12/2019,87,240133,0.567,0.839,0.267,1.46E-06,0.089,0.0592,-6.502,0.0299,110.011,4,4,Sad,pop
Falling Ashes,Slowdive,Slowdive,edm,5/05/2017,45,480758,0.332,0.954,0.255,0.752,0.0784,0.134,-13.698,0.0309,187.786,9,4,Sad,rock
Falling Away from Me,Issues,Korn,2F6FfZ4w8z3eJpSxPotVO5,9/11/1999,70,270920,0.468,0.00014,0.769,0.00124,0.271,0.17,-7.036,0.041,104.102,4,4,Energetic,metal
Fantasy - R3HAB Remix,Fantasy (R3HAB Remix),Sofie Tukker,3iGMErA58MMTYT1mBkUkRf,19/04/2019,19,188346,0.7,0.113,0.751,0.00129,0.241,0.246,-3.853,0.0566,124.027,4,4,Energetic,edm
Fascination,This Is Alphabeat,Alphabeat,4uqNn56KFQ7NtJ35xWZKvf,10/12/2007,0,181666,0.491,0.000285,0.831,7.88E-05,0.0761,0.828,-5.321,0.0349,193.968,6,4,Happy,pop
Feeling This,blink-182,blink-182,26AYR77170U49cMcXB7aRV,1/11/2003,66,172645,0.411,0.103,0.962,0,0.529,0.622,-5.952,0.0917,173.143,4,4,Energetic,metal
Feels Like Flying,Feels Like Flying,Elementaries,3mMd2MGvEIDAfMfvcb9wsC,15/06/2020,40,198077,0.416,0.882,0.11,0.873,0.116,0.347,-13.776,0.0423,120.024,11,4,Calm,edm
Feels Like We're Dying,Far Away,Johnny Goth,0IvaKmBYBLVcdP0Ft8Dwik,22/02/2017,51,185250,0.579,0.73,0.411,0.8,0.0945,0.125,-13.068,0.0329,79.988,6,1,Sad,pop
Fields After Rain,Fields After Rain,Martèn LeGrand,3OjwAIOhan5AIGS2p6fJrt,5/06/2020,37,176000,0.474,0.973,0.161,0.907,0.113,0.357,-20.952,0.043,82.892,5,3,Calm,classical
Fields Of Blossom,Fields Of Blossom,Martèn LeGrand,0BEkkhhqcCNx6VLMtshOiT,24/04/2020,32,197800,0.42,0.98,0.135,0.941,0.0974,0.155,-20.518,0.0815,118.9,4,4,Calm,classical
Fire in Cairo,A Sentimental Education,Luna,71Znjl8mUrHfSg38OQU8bb,22/09/2017,31,209052,0.587,0.379,0.713,0.439,0.332,0.816,-8.858,0.0268,130.05,1,4,Sad,pop
Fleur février,Fleur février,Jacco Wynia,16A82OAjqWawjDM8K5HCdm,7/02/2020,34,253904,0.428,0.985,0.0517,0.945,0.11,0.13,-21.74,0.0548,111.311,3,4,Calm,classical
Flex,Flex,Fedde Le Grand,43p1IlKF0PBgwkqzS2EdCk,14/05/2018,42,155546,0.609,0.017,0.912,0.0335,0.44,0.533,-3.823,0.0486,128,0,4,Energetic,edm
Fly - King Britt's Fhloston Paradigm Remix,Fly (King Britt's Fhloston Paradigm Remix),Low,69VbrwGah98lR7iuXkrk7e,18/07/2019,31,448426,0.614,0.521,0.498,0.855,0.136,0.418,-14.325,0.0466,120.003,10,3,Sad,pop
Flying by Candlelight (ABGT300) - Above & Beyond Club Mix,Group Therapy 300 Live from Hong Kong (ABGT300),Above & Beyond,0TEW7oRDKD2mjJQH507ni4,5/10/2018,47,364743,0.532,0.000312,0.664,0.0427,0.303,0.075,-9.804,0.0603,128.973,1,4,Energetic,edm
Free,TOGETHER,Third Party,6s2T9kuNYNZKsG5Fa1LiDN,15/03/2019,50,228971,0.481,0.0238,0.922,0.00185,0.0971,0.246,-4.17,0.064,127.931,3,4,Happy,edm
Freya,Cantec De Leagane / Freya,Dave Pad,0aaTrekfgJgLiH00lnPKm7,24/03/2017,46,284878,0.64,0.000211,0.667,0.899,0.0748,0.288,-10.19,0.0379,122.994,11,4,Happy,edm
From Yesterday,A Beautiful Lie + 30 Seconds To Mars,Thirty Seconds To Mars,4ogyT8HqLV6IdCepscSkh3,15/05/2007,0,245933,0.467,0.00578,0.876,0.00592,0.0453,0.131,-4.841,0.0693,135.055,10,4,Energetic,rock
Fête sous les étoiles,Suite,Biba Dupont,55ux9bDGw3qTVfad3PxSTq,1/05/2020,34,184000,0.312,0.994,0.00811,0.961,0.1,0.0703,-30.381,0.0389,115.486,1,4,Calm,edm
Game Time (feat. Ninja),Game Time (feat. Ninja),3LAU,229MM2St7SnW43nT8ADlG8,30/11/2018,52,156631,0.534,8.05E-05,0.957,0.758,0.266,0.52,-4.025,0.0455,95.046,1,4,Happy,edm
Gasoline,Disclaimer II,Seether,4e7yuouxvWPbK1q2kVlgz8,1/01/2004,39,168560,0.478,4.65E-05,0.942,0.0336,0.061,0.726,-2.71,0.08,173.515,1,4,Energetic,metal
Get Lucky (feat. Pharrell Williams & Nile Rodgers) - Radio Edit,Get Lucky (feat. Pharrell Williams & Nile Rodgers) [Radio Edit],punk,2Foc5Q5nqNiosCNqttzHof,19/04/2013,78,248413,0.794,0.0426,0.811,1.07E-06,0.101,0.862,-8.966,0.038,116.047,6,4,Happy,edm
Get Up Offa That Thing,20 All-Time Greatest Hits!,James Brown,0nyrltZrQGAJMBZc1bYvuQ,1991,53,250200,0.883,0.225,0.664,2.30E-06,0.941,0.8,-10.395,0.411,118.104,4,4,Happy,funk
Getting Away With Murder,Getting Away With Murder (Explicit Version),Papa Roach,3YQopTaSSgLSSuzYBZ9bLf,1/01/2004,0,191239,0.544,0.000115,0.97,3.34E-05,0.238,0.349,-3.78,0.0532,103.909,1,4,Energetic,metal
Ghostride,Ghostride,Crumb,6mnYXjuK0CDzqem4eR5JGU,9/05/2019,0,126120,0.664,0.511,0.352,0.806,0.109,0.45,-9.426,0.0278,87.054,2,4,Sad,rock
Glaciers,Bloom,Lights & Motion,2No1A7ZuMaBGxz45jmA9Gw,2/02/2018,53,176373,0.0789,0.733,0.16,0.786,0.0943,0.0409,-18.144,0.0362,56.449,7,4,Calm,rock
Go With The Flow,Songs For The Deaf,Queens of the Stone Age,45DElIx0dXqUH4A88yQFdE,2002,59,187120,0.242,0.0148,0.992,0.113,0.833,0.374,-3.9,0.0988,159.37,4,4,Energetic,metal
Gone My Way - KhoMha Remix,Gone My Way (KhoMha Remix),Morgan Page,08Hghm2hJpCxJux9YuhCG0,10/05/2019,46,168750,0.547,0.00129,0.895,0.107,0.288,0.0353,-7.081,0.0683,128.022,5,4,Energetic,edm
Good Times,Risqué,CHIC,0G3fbPbE1vGeABDEZF0jeG,30/07/1979,66,495400,0.87,0.149,0.657,0.0102,0.053,0.893,-7.32,0.0522,110.596,2,4,Happy,edm
Good Vibrations - Remastered,Good Vibrations 40th Anniversary,The Beach Boys,2oF7FZHIJbzjeEXZ3D0Ku4,1/01/2006,66,217746,0.403,0.387,0.495,8.03E-06,0.147,0.38,-6.888,0.0312,132.912,10,4,Happy,pop
Goodbye,The Devil's Walk,Apparat,4VxaUj96W2jw9UOtKHu51p,2011,69,256786,0.484,0.406,0.457,0.646,0.297,0.187,-13.976,0.0456,87.159,1,4,Sad,pop
Goshen,East Harlem,Beirut,5rLZGAZOstOC3fqhmGChvK,14/06/2011,0,200146,0.284,0.848,0.262,0.00483,0.0966,0.107,-9.869,0.028,98.66,11,4,Sad,rock
Groove Is in the Heart,Rhino Hi-Five: Deee-Lite,Deee-Lite,2UVLuddklEVak5PXgC7baA,19/04/2005,65,231786,0.694,0.0153,0.881,0.0196,0.0851,0.924,-4.053,0.0701,121.554,1,4,Happy,edm
Handful Of Redemption,Tomorrow Come Today,Boysetsfire,3ekjqtjoDwy5YLuGtKoXDO,1/01/2003,34,240253,0.508,0.00022,0.947,0.0315,0.0784,0.419,-3.684,0.0531,163.731,3,4,Energetic,punk
Happy Together,Happy Together,The Turtles,1JO1xLtVc8mWhIoE3YaCL0,1967,74,176293,0.584,0.55,0.367,1.38E-05,0.0818,0.588,-9.638,0.0328,120.175,6,4,Happy,pop
Hash Pipe,Weezer (Green Album),Weezer,2mPMFJvQ0v27gVqe5b6nDn,15/05/2001,65,186533,0.578,0.000121,0.882,0.479,0.284,0.623,-6.354,0.044,125.603,7,4,Energetic,rock
Heaven - David Guetta & MORTEN Remix,Heaven (David Guetta & MORTEN Remix),Avicii,4QAUGy6k7c3IOAhgWz52r7,23/08/2019,66,215238,0.572,0.00292,0.934,0.0198,0.105,0.204,-5.053,0.0446,125.948,6,4,Happy,pop
Heavenly,Heavenly,Cigarettes After Sex,0M6TLjxixptslrmQpWbRoR,28/08/2019,3,288594,0.539,0.617,0.432,0.692,0.11,0.133,-9.298,0.0249,105.196,8,4,Sad,pop
Heavy,Home,Collective Soul,3vqt0fEt6I52ANHu7mAlIP,7/02/2006,55,177213,0.535,0.000919,0.854,0.00149,0.0676,0.618,-6.519,0.0368,106.929,1,4,Energetic,rock
Highway to Hell,Highway to Hell,AC/DC,2zYzyRzz6pRmhPzyfMEC8s,27/07/1979,83,208400,0.574,0.061,0.913,0.00158,0.156,0.423,-4.793,0.133,115.728,6,4,Happy,rock
Holding On,Scary Kids Scaring Kids,Scary Kids Scaring Kids,48H6uWuBYeeZUiXwb5f69K,25/09/2007,45,261240,0.421,0.000442,0.935,0.000212,0.1,0.455,-5.153,0.0697,165.02,8,4,Energetic,metal
Hollowman,Trapt,Trapt,3MOdqpj30w4Wk96bBwLJk9,5/11/2002,36,303013,0.502,0.000214,0.92,0,0.306,0.182,-4.588,0.0611,159.884,2,4,Energetic,metal
Holy Water,Holy Water,Galantis,7Ga9ZSdPAcQXQvd1ObVFpm,27/09/2019,62,176657,0.587,0.0653,0.734,0.000571,0.398,0.401,-4.558,0.0407,125.848,9,4,Energetic,pop
Home,Home,Lucas & Steve,3Qsp2uAtcDCrrlknJtUPj8,20/07/2018,46,189834,0.544,0.00851,0.932,0.00811,0.157,0.337,-5.816,0.0679,125.954,10,4,Energetic,edm
Hoovela,Hoovela,Steve Aoki,1dssHOp3HpaK9o5c0CL7xU,5/10/2018,0,207295,0.341,0.00123,0.989,0.822,0.4,0.119,-3.828,0.111,103.48,4,1,Happy,edm
How Bizarre,How Bizarre,OMC,6RT3PxDEQOa7m6tK502DNa,1996,0,224053,0.784,0.261,0.675,1.40E-06,0.293,0.854,-7.718,0.049,124.908,0,4,Happy,pop
How To Fight,How To Fight,Eartheater,6ruBSXfnFc6raFDFm9YB3r,5/08/2020,38,211295,0.404,0.702,0.249,0.000911,0.171,0.284,-15.881,0.0472,120.221,7,4,Sad,pop
Human Connection,Human Connection,Cult Solo,1V17xHHZgIgZ6H14rinHdi,2/11/2017,49,328040,0.6,0.0938,0.882,0.912,0.0542,0.347,-8.394,0.0311,120.008,5,4,Happy,edm
I Can't Help (with Sarcastic Sounds),I Can't Help (with Sarcastic Sounds),Shoffy,1OdYu7mDO94ydUvfZPaPvP,7/02/2020,47,121250,0.714,0.393,0.4,0.000718,0.109,0.318,-8.264,0.0618,81.974,2,4,Sad,pop
I Don't Know (feat. Samuel T. Herring),I Don't Know (feat. Samuel T. Herring),BADBADNOTGOOD,2rx8InAMTVDeZdkLUWHDmA,20/10/2017,0,256040,0.389,0.24,0.52,0.00467,0.337,0.654,-8.114,0.0332,134.329,0,4,Sad,jazz
I Stand Alone,"Good Times, Bad Times - Ten Years of Godsmack",Godsmack,6pGJTJaExyKwwXBmcoyVlY,1/01/2007,0,243840,0.211,4.51E-05,0.921,0,0.1,0.351,-4.468,0.0729,171.9,0,4,Energetic,metal
I Took A Pill In Ibiza,"At Night, Alone.",Mike Posner,1PiKcVhlmHPvL7IPjx9dJk,6/05/2016,0,280800,0.636,0.618,0.319,1.70E-06,0.125,0.378,-10.065,0.0718,74.109,10,4,Sad,pop
I Was Made For Lovin' You,Dynasty (Remastered Version),KISS,2ZSCy3P1QzpJySCWA6NRIU,23/03/1979,1,271240,0.768,0.213,0.852,7.45E-05,0.0723,0.867,-6.215,0.038,128.374,4,4,Happy,rock
I Would Die 4 U,Purple Rain,Prince,6fBwVe6udYdnRqwqo06if8,25/06/1984,61,178986,0.731,0.0862,0.75,0.000388,0.202,0.639,-10.457,0.0321,135.406,2,4,Happy,funk
I dine øjne,I dine øjne,Efterklang,07htwTiSZVnQfdl38siCIn,21/08/2019,0,297249,0.67,0.762,0.417,0.0214,0.104,0.0708,-12.553,0.0404,121.13,8,4,Sad,rock
I'm Your Man,And Nothing Hurt,Spiritualized,5FRWe0PkPj4CQ4fvibzTEh,7/09/2018,32,268655,0.429,0.475,0.356,0.481,0.125,0.0965,-7.615,0.0282,139.915,0,3,Sad,rock
ID8,ID8,Dimitri Vangelis & Wyman,2jxfHzOYVLmGKejNRHvqoc,6/03/2020,51,197183,0.576,0.0198,0.948,0.000123,0.683,0.193,-4.251,0.0898,128.029,9,3,Happy,edm
If You Think It's Love,Cheap Queen,King Princess,3iiL6merNpFNX1bny9sfvM,25/10/2019,57,203946,0.432,0.807,0.34,0,0.0864,0.449,-7.977,0.0824,135.172,5,4,Sad,alt z
Inside Of You,Every Man For Himself (Red Package),Hoobastank,6okaxit4V1bU6yIVVsP836,1/01/2006,0,188800,0.435,0.000203,0.884,0,0.0876,0.82,-3.468,0.0392,201.773,2,4,Energetic,metal
Inside the Fire,Disturbed,Disturbed,1xHcapGIorRGVlBnWE7X4N,26/04/2010,12,231573,0.463,0.000233,0.962,0.109,0.0906,0.66,-6.43,0.0704,94.003,7,4,Energetic,metal
Intermezzo No. 1 in E Minor,Intermezzo No. 1 in E Minor,Manuel Ponce,1HTYYXCKpMWiHRd7qIb6ui,2014,7,174013,0.31,0.995,0.0987,0.86,0.714,0.0558,-25.408,0.0444,106.205,4,1,Calm,classical
It's My Fault,It's My Fault,Lolo Zouaï,3QP17SZh39ZVczQnopq9BE,24/04/2020,54,195986,0.647,0.815,0.235,1.78E-05,0.233,0.0382,-10.123,0.0389,129.85,8,4,Sad,r&b
Jealous,Jealous,Labrinth,4L2K7JKseFCBoHMZEAszW0,21/11/2014,79,287693,0.435,0.873,0.155,0,0.107,0.0935,-8.948,0.046,128.532,1,3,Sad,pop
"John Wayne Gacy, Jr.",Illinois,Sufjan Stevens,2gFBh7NnEfSeBoZZDB5d2C,5/07/2005,50,199920,0.463,0.917,0.179,1.73E-05,0.12,0.183,-14.852,0.0402,80.747,0,4,Sad,pop
Juliens Journey,Juliens Journey,Reinhard Vanbergen,0DVw5GHPCUImZ8VmRdlbmx,29/05/2020,33,219213,0.578,0.994,0.0154,0.945,0.0799,0.244,-24.126,0.0987,123.953,2,3,Calm,jazz
Jupiter 4,Jupiter 4,Sharon Van Etten,64BirkPW9F4XgzoLAiOBCP,27/11/2018,39,314080,0.475,0.0168,0.498,0.492,0.137,0.0592,-10.609,0.0303,88.882,10,4,Sad,pop
Just Can't Get Enough - Live in Hammersmith,Love In Itself.2 and Live Tracks,Depeche Mode,5LAdBsIfjzAsusjc6WSLmH,1/01/1983,56,335466,0.653,0.0082,0.975,0.5,0.678,0.911,-9.071,0.0409,126.919,0,4,Happy,rock
Just the Two of Us (feat. Bill Withers),Anthology,"Grover Washington, Jr.",1ko2lVN0vKGUl9zrU0qSlT,1985,70,237106,0.803,0.576,0.488,0.0609,0.0763,0.624,-9.303,0.0803,95.771,1,4,Happy,jazz
K.,K.,Rosie Carney,6vG1pcmNGdG6Vu62I9nLGL,5/01/2018,58,269000,0.348,0.962,0.226,0.00483,0.135,0.173,-10.918,0.0386,129.251,3,3,Sad,folk
Kangaroo (Remastered),It'll End In Tears (Remastered),This Mortal Coil,1HdIqEOl9MxoJNsz33VOvW,1984,47,209093,0.19,0.768,0.167,0.164,0.126,0.0491,-11.298,0.0291,169.636,3,4,Sad,pop
Kids In The Dark,Kids In The Dark,Bat For Lashes,2dqq3YMX6nlJKXhrjY5W4J,10/06/2019,35,208613,0.47,0.524,0.526,0.00557,0.0856,0.257,-10.987,0.0307,138.978,1,4,Sad,pop
Killing In The Name,Rage Against The Machine - XX (20th Anniversary Special Edition),Rage Against The Machine,59WN2psjkt1tyaxjspN8fp,1992,78,313573,0.466,0.0266,0.833,0,0.0327,0.661,-4.215,0.304,88.785,7,4,Energetic,metal
Kinky Love,Flesh Balloon,Pale Saints,3Uz3K1Ctq6MOIDqRddKHXo,24/06/1991,46,244240,0.376,0.133,0.277,0,0.0643,0.309,-18.291,0.0357,178.814,1,4,Sad,pop
Kiss,Parade - Music from the Motion Picture Under the Cherry Moon,Prince,62LJFaYihsdVrrkgUOJC05,31/03/1986,73,226240,0.898,0.0135,0.271,0.00138,0.0461,0.742,-12.238,0.091,111.485,7,4,Happy,funk
Kiss On My List - Remastered,Hall & Oates,Daryl Hall & John Oates,3Jrf9MHZZWx3cXBeMkZWUu,15/05/2006,37,261200,0.806,0.138,0.847,0.00157,0.067,0.97,-4.47,0.0319,121.718,0,4,Happy,rock
Kiss You All Over - Single Edit,Kiss You All Over,Isaac Elton,1wHkIswzW9zGCOLDBYbHFL,3/10/2017,47,240383,0.696,0.0578,0.824,8.56E-06,0.158,0.667,-5.67,0.0538,126.023,0,4,Energetic,edm
La Luz,Chapter I,City of the Sun,6iQ6AKHlGjQTrpZIqfOtyK,15/11/2019,49,303120,0.559,0.0463,0.441,0.763,0.115,0.389,-13.862,0.0398,94.014,7,4,Calm,rock
Last Time,Last Time,Johnning,7v3tuzPub1Qd490tiVddwF,15/05/2020,54,202480,0.628,0.111,0.587,0,0.156,0.4,-5.195,0.0441,140.01,7,4,Sad,edm
Late in the Evening,One-Trick Pony,Paul Simon,2h23bjG8B3bcD47HBu6bHG,1/08/1980,60,242706,0.72,0.199,0.88,0.0246,0.0865,0.961,-8.988,0.0406,118.623,5,4,Happy,rock
Laugavegur,Laugavegur,Dreyma,4nZSgFwgYUOyWcBX61JY6j,9/10/2018,56,188795,0.515,0.54,0.408,0.769,0.0916,0.308,-12.688,0.0385,115.002,7,4,Calm,focus
Lay Your Head On Me (feat. Marcus Mumford),Lay Your Head On Me (feat. Marcus Mumford),Major Lazer,0oB9964bp22Bmok0Dmxlzb,26/03/2020,61,199895,0.658,0.0471,0.765,1.02E-05,0.0936,0.222,-7.002,0.0469,119.974,11,4,Happy,pop
Let's Go Crazy,Purple Rain,Prince,0QeI79sp1vS8L3JgpEO7mD,25/06/1984,63,280000,0.309,0.0192,0.93,0.0022,0.106,0.376,-6.399,0.125,195.815,11,4,Happy,funk
Lift Me Up (feat. Carla Monroe),Lift Me Up (feat. Carla Monroe),Oliver Heldens,0vK80mtYypq4dAwQelZ2Dh,15/11/2019,65,177120,0.579,0.0426,0.784,0.0235,0.317,0.562,-4.686,0.0659,125.122,5,4,Energetic,edm
Light Years,Light Years,The National,0dcKsPZVWa64MvnoCes49q,4/04/2019,0,213373,0.544,0.95,0.316,0.7,0.0978,0.173,-11.666,0.0307,124.989,4,4,Sad,pop
Lights Go Down,Lights Go Down,Mike Candys,2shD8wlebq8fDg6ChqOPkC,18/10/2019,57,155520,0.741,0.00254,0.812,0.104,0.301,0.146,-5.356,0.039,124.991,1,4,Energetic,pop
edm,Like The First Time,Isaac Elton,5ABnK6bOqbsIRVsrc1UBOt,1/02/2018,50,209000,0.775,0.00481,0.876,0.0536,0.661,0.797,-9.58,0.0383,123.979,0,4,Energetic,edm
Like The Way I Do,Greatest Hits - The Road Less Traveled,Melissa Etheridge,38TXeCvUUqf3PeoPvnERV6,2005,0,324760,0.591,0.0213,0.931,0,0.122,0.673,-4.84,0.0557,101.551,2,4,Happy,folk
Like We Do,Like We Do,Fedde Le Grand,1Qf07UNBIu1XolBnl7XTi8,13/05/2019,48,161992,0.614,0.0125,0.96,0.687,0.366,0.0392,-5.081,0.0465,128.019,2,4,Energetic,edm
Linger,Linger,No Vacation,7zWQ9qz0vAK75QBTGLZ0Wb,1/04/2019,40,262375,0.54,0.0122,0.574,0.000658,0.226,0.225,-7.006,0.0232,94.975,7,4,Sad,rock
Listen to the Music,Toulouse Street,The Doobie Brothers,7Ar4G7Ci11gpt6sfH9Cgz5,1972,77,227266,0.645,0.221,0.598,3.53E-06,0.0721,0.913,-13.18,0.0335,105.929,1,4,Happy,rock
Listening,In Love and Death,The Used,528rajP3OyhornDwrsQrt4,27/09/2004,40,166226,0.475,0.000121,0.907,0,0.034,0.408,-5.064,0.0941,92.578,0,4,Energetic,metal
Little Lion Man,Sigh No More (Benelux Edition),Mumford & Sons,1QTixxvaGxwe6GF8PBwAve,16/11/2012,46,247000,0.515,0.0244,0.496,7.24E-06,0.0895,0.442,-8.018,0.0275,138.61,5,4,Happy,rock
Little Talks,My Head Is An Animal,Of Monsters and Men,2ihCaVdNZmnHZWt0fvAM7B,1/01/2012,78,266600,0.457,0.0206,0.757,0,0.146,0.417,-5.177,0.032,102.961,1,4,Happy,pop
Little Things,Sixteen Stone,Bush,29IRVQao62okE22TDamSnm,6/12/1994,0,264293,0.367,0.000229,0.915,0,0.184,0.215,-5.453,0.0682,112.642,7,4,Energetic,metal
"Lola - Live at Providence Civic Center, Providence, RI - September 1979",One for the Road (Live),The Kinks,3JbE6e17yvNdPggjPDrCyO,4/06/1980,53,287333,0.488,0.153,0.777,0.0312,0.825,0.481,-12.658,0.0894,81.437,9,4,Happy,rock
London Thunder,London Thunder,Foals,4gkoh2vAD57fGEITzteaUh,24/08/2015,37,254426,0.489,0.641,0.357,0.333,0.0838,0.0388,-9.745,0.0259,92.009,6,4,Sad,edm
Lonely Boy,What's Wrong with This Picture?,Andrew Gold,6wGMLoEqD2k3RBXFHD0yUp,1976,55,264893,0.588,0.0386,0.598,5.83E-05,0.107,0.866,-13.288,0.0296,123.724,9,4,Happy,pop
Long Way Down,Long Way Down (Deluxe),Tom Odell,1uVk6S6Fpkrmji0iTpgKEC,24/06/2013,59,149773,0.367,0.972,0.121,0.0322,0.0871,0.0926,-13.778,0.0335,132.244,6,4,Sad,pop
Lorelei,Treasure,Cocteau Twins,1MwGbyzRmPXWABLIdW8tzG,1/11/1984,53,223573,0.387,0.000158,0.669,0.423,0.166,0.414,-11.187,0.0395,90.995,0,4,Sad,rock
Losing You,Human,Aquilo,5aFSzu0b7ccAYjTkbTNTsQ,8/12/2014,50,205859,0.383,0.63,0.446,0,0.0946,0.213,-8.693,0.0382,77.399,0,4,Sad,folk
Lost,Lost,Annelie,7nC2EOpMnpDT2DkvniimSm,5/06/2020,64,161520,0.389,0.972,0.1,0.934,0.113,0.0676,-22.464,0.0358,133.839,10,4,Calm,classical
Lost Moon,I Can Feel the Night Around Me,Nightlands,5QlL4Rxjw3MQbx8Xvs75ts,5/05/2017,33,356125,0.448,0.328,0.591,0.708,0.111,0.303,-9.291,0.0327,145.482,0,4,Sad,rock
Love Is A Losing Game,Back To Black,edm,4IMBnBRqm9RALmLrRqfMor,1/01/2006,0,154160,0.48,0.317,0.561,0.00641,0.184,0.541,-5.874,0.027,164.791,0,4,Sad,soul
Lovely Day,Lean on Me: The Best of Bill Withers,Bill Withers,0ACACkoHUwgfgY5CxVIL4N,9/08/1994,67,255066,0.693,0.194,0.565,0.000175,0.0806,0.692,-12.583,0.0345,97.937,9,4,Happy,classical
"Ma mère l'oye, M.60 - For Piano Duet, M.60: 1. Pavane de la Belle au bois dormant",Jeux,Arthur Jussen,534nbCFk48DR1UQt2XlxSx,1/01/2013,29,82880,0.517,0.995,0.0145,0.884,0.0719,0.549,-42.018,0.0615,62.122,0,4,Calm,classical
Machinehead,Bush Digital Collection,Bush,1iTzI4NSQNLIETWDJ1WNWi,2005,0,256360,0.15,4.24E-05,0.875,0.00103,0.0957,0.156,-7.27,0.0975,169.806,9,3,Energetic,metal
Make Believe,Make Believe,Quintino,56oqWZUaA8ZmHQCH3lCRI3,9/08/2019,59,194531,0.587,0.03,0.882,0.116,0.195,0.0653,-5.838,0.0427,127.97,0,4,Energetic,edm
Marbles,The First Tindersticks Album,Tindersticks,4iVWQTuwKG4JKtGOjx6T9V,11/10/1993,40,269866,0.49,0.0934,0.521,0.862,0.266,0.148,-9.601,0.0295,107.778,2,4,Sad,pop
Me and Julio Down by the Schoolyard,Paul Simon,Paul Simon,6vxHp3CDNo0afgKGp2yi1E,14/01/1972,73,164813,0.626,0.237,0.816,1.80E-06,0.104,0.798,-10.593,0.13,105.33,9,4,Happy,rock
Melancholé,Melancholé,Biba Dupont,3SdkYA8frHe3BMZsPVPrRq,26/06/2020,34,149647,0.369,0.996,0.0283,0.941,0.101,0.119,-25.76,0.0399,83.391,2,4,Calm,edm
Message In A Bottle - Remastered 2003,Reggatta De Blanc (Remastered),The Police,3bN4tg6rnNPy9GCkGhym4T,2/10/1979,1,290280,0.577,0.0338,0.808,1.33E-05,0.221,0.869,-7.04,0.039,151.008,1,4,Happy,rock
Miss You - Remastered,Some Girls (Deluxe Version),The Rolling Stones,5pTWpY8l7B1XcQnijEFGFj,9/06/1978,53,288666,0.795,0.443,0.71,0.0215,0.344,0.845,-4.746,0.0392,109.689,9,4,Happy,rock
Movies,Movies,Weyes Blood,4ZYFWXoHCIdsdgUdOMK9fr,19/03/2019,30,353732,0.0903,0.646,0.362,0.402,0.106,0.0964,-8.929,0.0337,74.729,7,4,Sad,pop
Mr. Blue Sky,Out of the Blue,Electric Light Orchestra,2RlgNHKcydI9sayD2Df2xp,1977,82,303373,0.388,0.652,0.338,3.72E-06,0.248,0.477,-10.054,0.0328,177.784,10,4,Happy,rock
Mudshovel,Dysfunction,Staind,6264zKFgXM13JuRBX4MMyD,13/04/1999,65,282093,0.328,0.000224,0.826,0.000944,0.0818,0.341,-5.085,0.0362,106.606,6,4,Energetic,metal
"Murder Song (5, 4, 3, 2, 1) - Acoustic",All My Demons Greeting Me As A Friend (Deluxe),AURORA,6MM22AtXB7I5gfTErMF0mJ,11/03/2016,55,218666,0.398,0.902,0.0887,1.76E-06,0.0873,0.356,-13.683,0.0334,74.797,9,4,Sad,pop
My Hero,Greatest Hits,Foo Fighters,7u5dBtASrtOuBTTZjJrvuJ,3/11/2009,60,258973,0.364,6.01E-05,0.925,0.000251,0.0603,0.301,-4.224,0.0659,153.981,4,4,Energetic,metal
My Own Worst Enemy,A Place In The Sun,Lit,33iv3wnGMrrDugd7GBso1z,22/02/1999,72,169026,0.494,0.00129,0.946,0,0.398,0.741,-2.757,0.0637,103.408,4,4,Energetic,metal
My Sharona,Get The Knack,The Knack,1HOMkjp0nHMaTnfAkslCQj,1/01/1979,74,295400,0.586,0.0589,0.7,0.00125,0.0318,0.897,-9.558,0.0363,147.245,0,4,Happy,rock
Never Letting Go,Never Letting Go,Audien,5llPdGZJjJFJv9aL6ZaiLY,9/11/2018,58,172519,0.534,0.0915,0.765,0.00107,0.225,0.117,-3.151,0.0338,127.978,1,4,Happy,edm
Night Moves,Night Moves,Bob Seger,6UBjSnyP1O5W5ndJoO9vUk,22/10/1976,71,324422,0.705,0.432,0.743,0.0133,0.103,0.374,-6.631,0.042,118.552,1,4,Happy,rock
No One Knows,Songs For The Deaf,Queens of the Stone Age,0melIwOKh1JH4RjI1Is10w,2002,36,278653,0.509,0.0329,0.583,0.000124,0.359,0.67,-4.902,0.0615,170.886,0,4,Energetic,metal
No Time To Die,No Time To Die,Billie Eilish,73SpzrcaHk0RQPFP73vqVR,13/02/2020,82,242265,0.38,0.917,0.219,0.0104,0.0827,0.0517,-13.273,0.0358,73.537,4,4,Sad,pop
No Woman,Light Upon the Lake,Whitney,1CLmFKW99S8eJrebO3GB04,3/06/2016,66,237973,0.581,0.893,0.4,0.576,0.161,0.433,-8.739,0.0291,112.331,2,4,Sad,pop
Nobody,Nobody,Mac DeMarco,46SWSNRB3oAAOu21Apj22z,5/03/2019,50,212460,0.877,0.776,0.178,0.0193,0.107,0.442,-13.987,0.102,74.997,3,4,Sad,edm
Not Alone,Not Alone,Otto Knows,7tx0NDsCViutjOyd1c4A28,25/11/2016,44,215447,0.68,0.00538,0.721,0.000216,0.0679,0.267,-6.21,0.0355,122,7,4,Happy,edm
Nowhere Kids,Shapeshifter,Smile Empty Soul,08EI81e55Lcqg2ZelJOXcG,1/04/2016,36,248413,0.511,0.000106,0.914,0.00097,0.195,0.393,-5.31,0.0457,99.011,8,4,Energetic,metal
Oceans,Oceans - EP,Seafret,7Cia4WzapwjMr0NUQF8vf3,21/01/2015,61,216186,0.404,0.274,0.48,8.63E-06,0.132,0.2,-8.906,0.0303,129.162,9,3,Sad,pop
Older Than I Am,Three. Two. One.,Lennon Stella,15VDHAMS4JCLziCjNkmQl1,24/04/2020,66,181533,0.44,0.891,0.306,0,0.103,0.201,-8.947,0.0363,117.288,9,4,Sad,alt z
On Another Ocean (January / June),On Another Ocean (January / June) [Edit],Fleet Foxes,2fgMzSoDaPrU4EYsrkAwVn,29/09/2017,0,263373,0.284,0.155,0.523,0.0934,0.0933,0.0697,-6.512,0.0285,100.597,7,4,Sad,pop
One Night - D.O.D Remix,One Night (D.O.D Remix),Cedric Gervais,5Q0VxlFh80F3LmbGnuDE4M,4/05/2018,41,252500,0.681,0.00732,0.969,0.199,0.219,0.26,-1.394,0.0702,126.024,1,4,Energetic,edm
One Step Closer,Hybrid Theory,Linkin Park,61fUybL3XS40gcffnnNPoX,24/10/2000,54,157333,0.492,0.0014,0.969,1.32E-06,0.0787,0.538,-4.419,0.0491,95.136,9,4,Energetic,metal
Only,Only,RY X,0yfd3MSq6JEsNxOzSLJR7g,4/03/2016,0,268455,0.373,0.906,0.178,0.558,0.109,0.0933,-15.52,0.0303,108.605,7,4,Sad,folk
Only You,We Were Here,Joshua Radin,2ZaYFNn1YQuLSVdHhanr4Q,2006,55,149013,0.545,0.362,0.255,1.77E-05,0.0841,0.831,-14.844,0.0311,98.088,8,4,Sad,pop
Out Of Control,The Reason,Hoobastank,2Uk3uky365BBGidUpOtKvw,1/01/2003,0,162106,0.443,0.00161,0.973,0,0.353,0.458,-4.386,0.133,157.872,4,4,Energetic,metal
Out of Control,Blind Spot,Lush,13i7d4s5EkgOIDHdzM0R4w,30/09/2017,0,262253,0.328,0.0041,0.799,6.29E-06,0.069,0.502,-5.992,0.0296,169.896,2,3,Sad,rock
Out of the Deep,Out Of The Deep,Olivia Belli,6HrPFcVFz9wTBqqIrpJ8iB,13/03/2020,45,193207,0.2,0.992,0.0212,0.903,0.0929,0.0631,-32.285,0.0499,74.852,0,1,Calm,classical
Outside,Outside,MorMor,7Cx3kiPstZOSKAqTe3LtEi,21/03/2019,51,238020,0.637,0.0925,0.613,0.425,0.156,0.598,-7.432,0.0272,127.006,1,4,Sad,r&b
Over My Head (Better Off Dead),Does This Look Infected?,Sum 41,3SO0vfryYv381w1ImgWONG,1/01/2002,49,149306,0.44,0.00222,0.919,0.00503,0.0892,0.773,-4.462,0.0735,184.324,7,4,Energetic,metal
Pain,A Deeper Understanding,The War On Drugs,59P1nrdEImkAKa1nyW9X2e,25/08/2017,60,330760,0.523,0.00387,0.833,0.000339,0.0841,0.482,-4.374,0.0405,115.975,7,4,Sad,pop
Panoramic Feelings (Piano Version),Panoramic Feelings (Piano Version),LudoWic,3hxqWxFfmbIYcrV0e7wSyL,25/10/2019,33,230284,0.25,0.991,0.00846,0.896,0.0853,0.0638,-24.348,0.0373,78.552,8,1,Calm,modular synth
Papercut,Hybrid Theory (Bonus Edition),Linkin Park,1Vej0qeQ3ioKwpI6FUbRv1,24/10/2000,73,184866,0.524,0.00022,0.939,0,0.623,0.661,-3.994,0.113,150.184,9,4,Energetic,metal
Paperthin Hymn,Never Take Friendship Personal,Anberlin,6VSmHLLvYAAkzrYFT3LloU,1/01/2005,53,197480,0.298,0.00111,0.597,0,0.0819,0.536,-12.107,0.0343,180.434,5,4,Energetic,pop
Paralyzer,Them vs. You vs. Me,Finger Eleven,6k1njNBYUIQgWJLG4ed26y,6/03/2007,0,208106,0.646,0.159,0.938,0,0.235,0.888,-3.453,0.0448,106.029,11,4,Energetic,metal
Pass The Hours,Pass The Hours,MorMor,4EVpdoFt3L6sAa4hivmWz9,7/12/2018,54,223440,0.778,0.179,0.639,0.000934,0.322,0.543,-5.985,0.0292,119.977,6,4,Sad,r&b
"Piano Sonata No. 14 In C Sharp Minor, Op. 27-2 1st Mvt: Adagio Sostenuto",Beethoven Piano Sonatas,Ludwig van Beethoven,4QNjuUkLHj47tEXgA6TFc3,1/01/2010,30,372173,0.274,0.995,0.00332,0.909,0.175,0.17,-41.45,0.0424,67.765,1,1,Calm,classical
Poem,Welcome,Taproot,7mQwxVogsnpR3h6AJLQLlR,30/09/2002,57,189200,0.364,0.000104,0.912,0.0025,0.086,0.666,-2.968,0.107,105.368,7,4,Energetic,metal
Points of Authority,Hybrid Theory,Linkin Park,04mlpyRplis2yvf18EwaeN,24/10/2000,45,200240,0.512,0.03,0.97,0,0.0994,0.427,-3.886,0.212,94.952,8,4,Energetic,metal
Polyamorous,Breaking Benjamin: Digital Box Set,Breaking Benjamin,1OvDGGu8KDbchlJTlM48Mr,1/01/2009,37,176946,0.544,0.000132,0.895,0.107,0.147,0.875,-6.207,0.0522,98.128,1,4,Energetic,metal
Prayer Of The Refugee,Endgame / Appeal To Reason / Siren Song Of The Counter Culture / The Sufferer & The Witness,Rise Against,3wTyLh0vhP3dN5yv0Mti17,1/01/2012,0,199386,0.198,0.00131,0.977,4.62E-05,0.23,0.351,-3.499,0.173,195.795,3,4,Energetic,metal
Pressure,Pressure,Seth Hills,7f2d3p6nzGFR6874f0E7E7,20/12/2019,49,135585,0.708,0.00885,0.863,0.366,0.285,0.437,-4.001,0.0606,127.981,9,4,Energetic,edm
Promise,Horrorscope,Eve 6,5mqEL5pgnDCcWtTWpAofIV,2000,48,176506,0.62,0.00791,0.85,0,0.0769,0.715,-4.096,0.0327,107.982,9,4,Energetic,metal
Pumped Up Kicks,Torches,Foster The People,7w87IxuO7BDcJ3YUqCyMTT,23/05/2011,84,239600,0.733,0.145,0.71,0.115,0.0956,0.965,-5.849,0.0292,127.975,5,4,Happy,rock
Quick Canal (W/ Laetita Sadier),Logos,Atlas Sound,2mJhNvt2dDCfcNn8IZg6sF,19/10/2009,42,518373,0.299,0.169,0.541,0.795,0.132,0.191,-10.641,0.0513,142.724,7,4,Sad,rock
"Quiet, The Winter Harbor",Still EP,Mazzy Star,1OArWxrw689jZXaJzSErbh,1/06/2018,37,255358,0.321,0.973,0.0792,0.104,0.0888,0.106,-17.737,0.0329,145.293,5,3,Sad,pop
Raven's Feather - Piano Solo,Raven's Feather (Piano Solo),Nina June,7sBlA4bK7gpf2H42K6Y0H3,20/12/2019,34,256259,0.594,0.988,0.0624,0.928,0.109,0.0738,-19.409,0.0472,123.999,10,4,Calm,pop
Reality,Reality EP,Chocolate Puma,3sqyZAk7dUY3U4ApoJcRzJ,22/10/2018,42,213750,0.651,0.000934,0.836,0.932,0.112,0.0741,-6.154,0.0588,127.986,6,4,Happy,edm
Rebuscano,Rebuscano,Olivia Belli,55VX26X342cWBM7akigws7,26/06/2020,37,173319,0.416,0.99,0.0322,0.929,0.101,0.0614,-29.145,0.0451,120.321,2,4,Calm,classical
Recording 15,Living Water,Shannon Lay,1vNfYCzcCJz0FY7MVVA9lM,22/09/2017,60,242000,0.552,0.956,0.126,0.0153,0.109,0.439,-18.014,0.0306,92.441,11,4,Sad,folk
Reinventing Your Exit,They're Only Chasing Safety,Underoath,591vJuuep0gfPhx9p8WPD5,1/01/2004,57,262573,0.45,0.000124,0.978,7.14E-06,0.361,0.268,-4.198,0.0637,155.014,9,4,Energetic,metal
Renee's Song,Renee's Song,Bazzi,13iMiwdY7pgE1f7NwYKr1D,1/04/2020,73,130545,0.593,0.794,0.229,0,0.167,0.42,-8.888,0.0307,117.823,9,4,Sad,pop
Renegades Of Funk,Renegades,Rage Against The Machine,5YBVDvTSSSiqv7KZDeUlXA,5/12/2000,66,274160,0.651,0.00184,0.908,0.000579,0.384,0.769,-4.019,0.0577,123.851,2,4,Energetic,metal
River,Bones,St Woods,2mXnsGgq0K4qfcYmw0rccK,8/05/2020,42,276960,0.304,0.73,0.317,0.00519,0.118,0.0596,-10.52,0.0285,147.83,11,4,Sad,folk
Riverside,Philharmonics,Agnes Obel,1UmFRZU3taMGZApPhK32mc,4/10/2010,3,228546,0.648,0.985,0.177,0.000353,0.134,0.236,-13.474,0.0311,99.101,9,3,Sad,pop
rock,Honky Chateau,Elton John,3gdewACMIVMEWVbyb8O9sY,19/05/1972,82,281613,0.601,0.432,0.532,6.25E-06,0.0925,0.341,-9.119,0.0286,136.571,10,4,Happy,rock
Romance,Ex:Re,Ex:Re,7Ky78y9gxAKlujRin3vzZf,30/11/2018,0,403469,0.716,0.884,0.644,0.617,0.138,0.464,-12.444,0.0718,121.053,9,4,Sad,pop
Roses,Speakerboxxx/The Love Below,OutKast,6bUNEbXT7HovLW6BgPCBsb,2003,72,369573,0.751,0.0481,0.708,1.83E-05,0.107,0.509,-5.645,0.0545,108.97,0,4,Happy,atl z
Rusted From the Rain,Billy Talent III,Billy Talent,0tzWCL2uhb2xQDWgG259nU,22/09/2009,47,254613,0.431,0.000481,0.858,7.65E-06,0.385,0.616,-3.533,0.0306,174.979,7,4,Energetic,punk
Rylan,I Am Easy to Find,The National,18IyalmZGqUTwvZStMf7A1,17/05/2019,56,223853,0.609,0.403,0.789,0.0811,0.0446,0.717,-5.565,0.0468,144.047,11,4,Sad,pop
Sad Corny Fuck,Hold It Together,JP Saxe,5YlHgqWo3Kt2mF88ubmR62,7/02/2020,55,220520,0.604,0.835,0.179,0,0.162,0.391,-15.383,0.0339,124.982,2,3,Sad,alt z
Sahara Love - Seven Lions Remix,Sahara Love,Above & Beyond,6KjTXwntv8paBCL3El9TnV,8/03/2019,52,322892,0.275,0.0418,0.659,4.15E-05,0.079,0.149,-5.631,0.039,144.908,6,4,Energetic,edm
Same Direction,The Reason,Hoobastank,7p5HBV5kqLgw0vK0lQ7eXM,1/01/2003,0,195293,0.401,0.00492,0.988,0,0.4,0.514,-3.308,0.0916,169.024,2,4,Energetic,metal
Samson,Begin to Hope (Special Edition),Regina Spektor,2bbhyUWJ5VjdfI3P4PRLu2,13/06/2006,51,189335,0.49,0.862,0.193,9.74E-06,0.113,0.184,-9.544,0.0421,89.154,11,4,Sad,pop
Savior,Appeal To Reason,Rise Against,3asFGFY3uLjMDmML1p0tYm,1/01/2008,70,242280,0.339,0.0015,0.931,0.000142,0.425,0.467,-3.425,0.062,112.548,5,4,Energetic,metal
Say Days Ago,The Used,The Used,0fcGdkaMVaJtPuYLB6bXRx,25/06/2002,40,197866,0.362,0.00022,0.979,0,0.459,0.195,-4.262,0.205,89.431,4,4,Energetic,metal
Send It,Send It,Steve Aoki,2GXOmuU3kApsq2TWqOU5Bm,4/10/2019,60,182671,0.646,0.0199,0.979,0.776,0.38,0.091,-5.312,0.101,124.066,4,4,Happy,edm
Seven Nation Army,Elephant,The White Stripes,3m6KkYKdnbffMpGd9Pm9FP,1/04/2003,7,231920,0.745,0.00666,0.466,0.35,0.272,0.303,-7.62,0.0864,123.889,4,4,Happy,rock
She Kind of Looks Like You,She Kind of Looks Like You,AFTRHOURS,6dZO9UMcM7c1YLDBpEHwED,21/07/2017,41,204241,0.9,0.632,0.255,3.91E-05,0.0953,0.483,-12.664,0.221,94.978,6,4,Sad,pop
Shimmer,The Best of Fuel,Fuel,6DzbmjkVZpz1mrDobAoJI8,2005,57,213948,0.263,0.00192,0.784,0,0.15,0.385,-6.514,0.054,114.671,7,4,Energetic,metal
Should Have Known Better,Carrie & Lowell,Sufjan Stevens,5I6y1KWmUoV5YCaIEcs1qs,31/03/2015,65,307697,0.571,0.979,0.172,0.275,0.124,0.297,-20.7,0.0318,90.972,7,4,Sad,pop
Should I Stay or Should I Go - Remastered,Hits Back,The Clash,3v8PlUFGQQDBIk1J86waCo,26/08/2013,68,188240,0.742,0.0838,0.844,0,0.418,0.85,-6.441,0.111,113.371,2,4,Happy,rock
Silhouette,Have You In My Wilderness,Julia Holter,4riNlzZh1Xd4xqbIWy7zfM,25/09/2015,37,233546,0.445,0.173,0.469,0.000624,0.0998,0.535,-5.981,0.0291,178.052,8,4,Sad,pop
Silver Lining,Silver Lining,Pieter de Graaf,4w7vMUyVony198G1c79PSq,17/04/2020,46,225839,0.317,0.986,0.106,0.899,0.111,0.108,-20.574,0.0302,78.66,1,4,Calm,classical
Simple Song,The Boy Who Cried Wolf,Passenger,70HWRkitkAKfos500LBk0T,28/07/2017,62,228480,0.631,0.616,0.402,0.0114,0.0892,0.598,-11.125,0.0286,78,5,4,Sad,pop
Sinking Man - The Walking Dead Soundtrack,The Walking Dead (AMC’s Original Soundtrack – Vol. 1),Various Artists,5Hd6DPGjqihEnWSiGRzqr6,1/01/2013,0,166560,0.684,0.905,0.0646,1.86E-05,0.0789,0.334,-18.052,0.0522,95.99,10,3,Sad,pop
Siren Song - Radio Edit,Siren Song,CamelPhat,1uGXhKyK50NIXNqBKN73DS,25/12/2015,39,207301,0.71,0.00891,0.705,0.16,0.177,0.34,-7.417,0.0345,119.986,7,4,Happy,edm
Skinny Love,"For Emma, Forever Ago",Bon Iver,1NyFRrFiJAJIaR6icj1goI,12/05/2008,67,238532,0.592,0.842,0.256,2.38E-06,0.088,0.103,-14.031,0.0449,76.361,4,4,Sad,pop
Sleep,Son of a Lady,Hope Sandoval and the Warm Inventions,7C0naD1GsrGZTKGMbg7m7I,15/09/2017,25,228873,0.55,0.843,0.596,0.462,0.15,0.207,-8.962,0.0335,143.182,10,4,Sad,pop
Slow It Down,The Lumineers,The Lumineers,0ewX9JsKy9oa4IifkFSroa,1/01/2012,0,305346,0.423,0.928,0.0657,1.40E-06,0.0922,0.105,-14.421,0.0386,98.489,1,3,Sad,pop
Smile,"Alright, Still (Deluxe)",Lily Allen,79z9QkhHePTFsSeVw9uyj0,14/07/2006,75,196893,0.632,0.00143,0.639,0,0.221,0.733,-5.938,0.0259,95.506,5,4,Happy,pop
Smooth Criminal,Anthology,Alien Ant Farm,2T3blUc9Jnui2a0ZhuNOag,1/01/2001,0,209266,0.653,0.00287,0.966,0.0026,0.143,0.874,-4.236,0.0598,126.921,9,4,Energetic,metal
Some Kind Of Love,Wonderful Wonderful,The Killers,0vicQm86o7GnT42GdG34sA,22/09/2017,55,278093,0.246,0.713,0.482,0.226,0.102,0.0776,-9.949,0.0359,141.863,8,4,Sad,rock
Somebody That I Used To Know,Making Mirrors,Gotye,1qDrWA6lyx8cLECdZE7TV7,1/01/2011,77,244884,0.865,0.548,0.521,0.000115,0.0989,0.748,-6.932,0.0371,129.059,0,4,Happy,pop
Someday,Chapter I,City of the Sun,5zOetBDO9NONS4KnIBXtnx,15/11/2019,53,288040,0.572,0.265,0.571,0.917,0.109,0.115,-10.067,0.0331,96.986,8,4,Calm,rock
Someone Like You,21,Adele,6QPKYGnAW9QozVz2dSWqRg,19/01/2011,79,285240,0.554,0.893,0.321,0,0.0996,0.288,-8.251,0.028,135.047,9,4,Sad,soul
Son of a Lady,Son of a Lady,Hope Sandoval and the Warm Inventions,1mc5ECVjhFQUMzdsvX9gwf,15/09/2017,23,225233,0.272,0.895,0.337,0.713,0.0764,0.0374,-13.724,0.0338,93.64,9,3,Sad,pop
"Song to the Siren - Recorded at Strongroom Studios, London",Spotify Singles,Wolf Alice,0hx6wJdPlMpT254F9UYQNu,15/11/2017,42,211159,0.371,0.963,0.15,0,0.124,0.0785,-11.116,0.0294,68.774,2,4,Sad,rock
South Beach,South Beach,Vicetone,4GQVsXO7jkxg43UmAd1Tbb,12/10/2018,54,201951,0.501,0.0303,0.887,2.64E-05,0.114,0.336,-3.941,0.0424,123.052,1,4,Energetic,edm
Spirit In The Sky,Spirit In The Sky,Norman Greenbaum,7fqhrLJzKHJ0RW32N0y2Gp,1/01/1969,0,242893,0.537,0.0939,0.606,0.00559,0.11,0.582,-7.048,0.0347,128.73,2,4,Happy,rock
Start Me Up - Remastered,Tattoo You (2009 Re-Mastered),The Rolling Stones,7HKez549fwJQDzx3zLjHKC,24/08/1981,77,213066,0.631,0.0436,0.932,0.137,0.0918,0.971,-4.142,0.0354,122.429,5,4,Happy,rock
Stay,Stay,Gracie Abrams,0Uon5NsSAkBDx69XYOaQ5P,21/11/2019,67,177152,0.618,0.883,0.37,0,0.123,0.433,-10.5,0.0543,114.26,10,4,Sad,alt z
"Steady, As She Goes",Broken Boy Soldiers,The Raconteurs,2VAlwOewe5c40VHyqozF1V,15/05/2006,1,215266,0.534,0.00865,0.605,0.00826,0.0781,0.56,-4.366,0.113,123.003,9,4,Happy,rock
Still Waiting to Start,"The Sun Will Come up, The Seasons Will Change & The Flowers Will Fall",Nina Nesbitt,1yERtbTiF9fKGxaelyLJOA,22/11/2019,54,183173,0.615,0.639,0.332,0,0.15,0.515,-10.161,0.0295,125.894,7,4,Sad,alt z
Streets,Rivals,Kensington,265poZGWCyWo6h5tq7kiA6,8/08/2014,0,185358,0.376,0.000874,0.771,8.98E-06,0.274,0.419,-5.8,0.0422,168.154,6,4,Happy,rock
Stricken,Ten Thousand Fists,Disturbed,4VGUcTzWj0ebZ0UgI9irJL,19/09/2005,0,245109,0.404,8.51E-05,0.969,0.0114,0.268,0.29,-2.938,0.195,173.878,8,4,Energetic,metal
Stuck In The Middle With You,Reservoir Dogs (Original Motion Picture Soundtrack),Various Artists,1b7LMtXCXGc2EwOIplI35z,1/01/2009,73,203893,0.795,0.0934,0.564,0.000531,0.0631,0.961,-10.482,0.0392,124.166,7,4,Happy,rock
Stupify,The Sickness (10th Anniversary Edition),Disturbed,54cWVWqgyFukgDKQYmaKM3,12/03/2010,61,274000,0.597,0.00108,0.939,9.77E-05,0.201,0.422,-3.001,0.0446,98,1,4,Energetic,metal
Such Great Heights,Around The Well,Iron & Wine,7vcuTZAFyu0Z5dgMRLR0h0,19/05/2009,0,251280,0.61,0.808,0.275,0.913,0.403,0.552,-10.644,0.028,94.088,6,4,Sad,pop
Suds & Soda,Worst Case Scenario,dEUS,0MaUnKwsHKRj4qjLDuBG66,1/01/1994,42,314200,0.149,8.51E-05,0.79,0.000248,0.0903,0.39,-7.93,0.052,170.289,4,4,Happy,rock
Summer-Blink,Treasure Hiding: The Fontana Years,Cocteau Twins,66epoq09V61hukB4Sdm3Q4,5/10/2018,22,189653,0.491,0.168,0.599,0,0.166,0.189,-6.741,0.0274,80.048,5,4,Sad,rock
Sun In Our Eyes - Don Diablo Remix,Sun In Our Eyes (Don Diablo Remix),MØ,1Cfws8y490Zpsqsyeme6V1,8/08/2018,55,206452,0.699,0.0589,0.861,2.64E-06,0.0794,0.315,-3.09,0.173,125.942,4,3,Happy,pop
Supersonic (feat. Christian Burns),Supersonic (feat. Christian Burns),Swanky Tunes,2d0UsAbvuAiCyR4oV6fiOq,18/02/2019,52,245783,0.34,0.00814,0.923,0.000829,0.385,0.13,-3.864,0.131,127.789,0,4,Energetic,edm
Swerve City,Koi No Yokan,Deftones,2OUR8g12h5qsGDs1v5lqvp,9/11/2012,55,164986,0.457,0.0001,0.964,0.00811,0.67,0.372,-2.963,0.0656,111.972,10,4,Energetic,metal
Take Everything,Take Everything,Gareth Emery,2L93hpsnJ8scBHIQFZzh1b,14/12/2018,54,212238,0.506,0.0234,0.823,0.000916,0.303,0.405,-5.272,0.0424,133.954,6,4,Happy,edm
Talking In Your Sleep,In Heat,The Romantics,7fRvtXvJMpGfTLdF0M09a1,14/02/1983,61,235093,0.72,0.0289,0.967,0.000345,0.142,0.977,-4.434,0.0343,129.766,9,4,Happy,rock
Teardrops - Single Version,Music For Groovin',Various Artists,5HiKQLlJ3LAuz8J9yHB0HX,1/01/2007,60,230573,0.879,0.037,0.693,0.119,0.18,0.966,-10.577,0.046,133.231,11,4,Happy,edm
Tears Don't Fall,The Poison,Bullet For My Valentine,1kdiiFGX1Htx0aVZYaDwEJ,14/02/2006,61,348386,0.212,0.000725,0.926,4.83E-06,0.081,0.262,-3.378,0.14,162.103,7,4,Energetic,metal
Teenage Dirtbag,Wheatus,Wheatus,25FTMokYEbEWHEdss5JLZS,15/02/1999,68,241666,0.625,0.346,0.85,0.000233,0.174,0.633,-3.904,0.0495,94.661,4,4,Happy,rock
Thank You for the Venom,Three Cheers for Sweet Revenge,My Chemical Romance,0BpKPyXhWsTaWkgXeOd1Sn,8/06/2004,61,221093,0.486,0.00237,0.977,0,0.298,0.413,-3.463,0.0603,103.501,7,4,Energetic,emo
The A Team,The A Team,Ed Sheeran,2vBF8A6n0REigm7RSUM65S,1/05/2011,34,258588,0.626,0.678,0.286,0,0.134,0.366,-9.933,0.0374,84.954,9,4,Sad,pop
The Boys Are Back In Town,Jailbreak (Deluxe Edition),Thin Lizzy,2iAq1y8jEVOQM6OA8L0XtO,1976,0,266720,0.319,0.242,0.712,0.000414,0.294,0.773,-9.742,0.0535,78.114,8,4,Happy,rock
The Calvary Cross,Live in Studio,Still Corners,65IP0rTvP6hFkIUNODG2VK,25/11/2019,32,306893,0.661,0.675,0.425,0.13,0.104,0.19,-10.317,0.0312,114.042,9,4,Sad,pop
The Dazzler,Ex:Re,Ex:Re,12oa6kHYN9FamPdcpSM54i,30/11/2018,0,281567,0.775,0.343,0.218,0.00596,0.0866,0.361,-11,0.0461,133.036,9,4,Sad,pop
The Funeral,The Road Mix: Music From The Television Series One Tree Hill Vol. 3,Various Artists,4Ao5JXfOIMJGlVo8sJpjFr,2/04/2007,0,321146,0.316,0.0143,0.769,0,0.0928,0.118,-5.285,0.0422,122.458,0,4,Sad,pop
The Good in Goodbye (Alternate Version),The Good in Goodbye (Alternate Version),Alexander Wren,4IUfRZY8k9MHRsStnjMTUb,25/10/2019,40,249576,0.709,0.59,0.299,0.00292,0.111,0.423,-9.001,0.0297,112.984,0,3,Sad,folk
The Hardest Button To Button,Elephant,The White Stripes,5vVwPth7ccUHil5wsUG7ky,1/04/2003,56,212426,0.692,0.0097,0.515,0.292,0.103,0.549,-8.488,0.0678,128.469,4,4,Energetic,rock
The Hell Song,All The Good Sh**. 14 Solid Gold Hits (2000-2008),Sum 41,2iyriVrfEXWD7YRfPqub7l,1/01/2009,37,199493,0.343,0.000135,0.956,0.00165,0.143,0.553,-5.073,0.0739,173.325,8,4,Energetic,metal
The Hummingbird,The Hummingbird,Barry Adamson,60Rodg2E5ghUbYBrBFr0TA,26/09/2018,0,221000,0.478,2.27E-05,0.901,0.0801,0.326,0.577,-4.983,0.0334,94.964,9,3,Sad,rock
The Hunger,The Hunger,Bat For Lashes,7AaSbMyCeUxcGsvCmzmfEJ,5/08/2019,26,299000,0.436,0.0402,0.753,0.0204,0.148,0.399,-9.76,0.0359,89.968,4,4,Sad,pop
The Joker,The Joker,Steve Miller Band,1bp2IO61zbQrbWNmKKxg3f,1/01/1973,77,264503,0.596,0.365,0.448,5.30E-06,0.206,0.796,-9.616,0.0396,83.293,5,4,Happy,rock
The King (with Dzeko),The King (with Dzeko),Dimitri Vangelis & Wyman,40UbcJWyWPqOWFvv4Dpvfc,14/06/2019,59,209493,0.655,0.0587,0.726,0.00311,0.145,0.292,-4.614,0.0324,128.001,9,4,Energetic,edm
The Message,Slow Air,Still Corners,3oLJlBI7OveRtPOuMe4oaM,17/08/2018,53,292480,0.64,0.00278,0.695,0.611,0.337,0.343,-9.919,0.0326,117.999,5,4,Sad,pop
The Night We Met,Strange Trails,Lord Huron,6mORGLOz79w6VsCRLWYYuK,6/04/2015,17,208211,0.443,0.969,0.369,0.277,0.638,0.0989,-9.514,0.0441,174.107,9,3,Sad,folk
The Safety Dance,Greatest,Men Without Hats,5O4NFbDqJ8SOfbjnIhdPDt,11/02/2013,61,164866,0.524,0.0252,0.881,0,0.101,0.62,-4.479,0.0468,101.677,5,4,Happy,rock
The Temporary,The Temporary,Kate Teague,5g5dwJD6zwXG81LRdEsnQr,16/06/2020,36,219018,0.549,0.292,0.524,0.0366,0.122,0.229,-8.288,0.0261,94.991,0,4,Sad,rock
The Wall,The Wall,Alok,0Qp1IH1EkRCNabfgzxNMUT,28/06/2019,59,159500,0.682,0.00953,0.91,0.0673,0.0732,0.536,-2.314,0.0431,122.943,11,4,Energetic,edm
Thin White Duchess,Thin White Duchess,Martin Thulin,0QevFRZ5eiXah4VZWeviK4,31/01/2020,28,252392,0.537,0.115,0.655,0.294,0.243,0.283,-8.194,0.0374,119.965,7,4,Sad,rock
This Reminds You - Satie Remix,This Reminds You,Remy Van Kesteren,7sJm369JitaQLnkymEMe7f,1/02/2019,0,321146,0.258,0.87,0.0589,0.898,0.148,0.0378,-23.782,0.0381,98.874,5,4,Calm,classical
Tilted Towers,Tilted Towers,Alesso,5hdAQegqnitMjNacfLOHQd,30/11/2018,50,259475,0.702,0.000771,0.842,0.828,0.28,0.175,-5.059,0.0331,124.01,7,4,Happy,pop
Tiptoeing,Tiptoeing,Jacco Wynia,28nLvoHu6NbkHNPmoxR8uD,20/03/2020,37,120536,0.467,0.986,0.137,0.928,0.101,0.0687,-23.087,0.043,118.715,0,4,Calm,classical
To The Hilt,To The Hilt,BANKS,41bqxcnDRcYsBJnJKtPCdp,16/09/2016,42,276746,0.327,0.948,0.101,0,0.0945,0.0866,-13.949,0.0525,171.734,8,4,Sad,pop
To the Moon,To the Moon,Junodream,65AABj5XsDcxGT92w3jK0o,8/05/2018,0,170021,0.703,0.356,0.352,0.00378,0.0715,0.85,-14.859,0.0428,108.003,4,4,Sad,pop
Tomorrow,Tomorrow,Annelie,6TcYEIp0uV6lxkmt4FCqf5,3/07/2020,39,208520,0.325,0.964,0.0809,0.839,0.118,0.0604,-24.493,0.0527,178.307,5,4,Calm,classical
Toxic,Rattlesnake!,A Static Lullaby,34ccBqL3xNaCzPxr0UqoEw,9/09/2008,49,200240,0.555,3.01E-05,0.98,4.38E-05,0.0661,0.37,-6.063,0.154,143.005,8,4,Energetic,rock
Transatlanticism,Transatlanticism,Death Cab for Cutie,3PJikMV2xGNCooQttQrAw5,15/10/2003,0,475093,0.443,0.393,0.466,0.647,0.165,0.19,-9.209,0.0302,127.493,9,4,Sad,rock
Trying My Best,Trying My Best,Anson Seabra,06qUEhhx6jKQmhj2qAkn4H,13/12/2019,68,222467,0.561,0.95,0.0587,0,0.0828,0.342,-17.819,0.0762,143.027,5,1,Sad,alt z
Tu Vois,Tu Vois,Bram de Looze,5ewE85NIsYxn02MhetYKqs,3/01/2020,0,495880,0.351,0.995,0.0077,0.919,0.0803,0.0728,-23.17,0.0543,75.742,9,4,Calm,jazz
Tubthumping,Tubthumper,Chumbawamba,6dL46HEj2hzaSach8EFyCi,1997,0,279226,0.319,0.118,0.881,0,0.364,0.625,-7.244,0.14,206.941,2,4,Happy,punk
Tuesday,Tuesday,Annelie,2GuchYit1FmdtXTxl6SbUE,3/04/2020,47,191293,0.323,0.99,0.0214,0.902,0.0891,0.0703,-30.328,0.0384,104.033,4,4,Calm,classical
Two Princes,Pocket Full Of Kryptonite,Spin Doctors,4ePP9So5xRzspjLFVVbj90,27/08/1991,72,256733,0.543,0.00162,0.912,2.10E-06,0.0565,0.836,-10.71,0.0601,103.731,7,4,Happy,rock
UFOF,UFOF,Big Thief,0DZfBeJhOPyjhqoaTkE3kZ,26/02/2019,0,188413,0.623,0.638,0.613,0.572,0.143,0.745,-9.241,0.0309,147.168,10,4,Sad,pop
Under A Killing Moon,The Artist In The Ambulance,Thrice,0XiivUyimrmkUyJkKiILPW,1/01/2003,41,161733,0.414,7.12E-06,0.988,0.44,0.0709,0.489,-3.703,0.0786,184.995,8,4,Energetic,rock
Underwater - Tinlicker Remix,Underwater (Tinlicker Remix),Gabriel & Dresden,7ku9ctunOcfqWP6z04QTRY,1/05/2018,53,239894,0.627,0.0607,0.857,0.835,0.132,0.124,-8.253,0.0402,121.976,7,4,Happy,edm
Unintended,Showbiz,Muse,6kyxQuFD38mo4S3urD2Wkw,1999,61,237026,0.487,0.647,0.279,0.00185,0.11,0.162,-11.586,0.0265,139.362,6,4,Sad,rock
United,United,Armin van Buuren,27BMhzmPptTnpra962NgQh,31/08/2018,33,217391,0.643,0.0565,0.957,0.841,0.0763,0.281,-5.026,0.0892,138.073,1,4,Happy,edm
Unmade,Unmade,Thom Yorke,4rXDPFpzMyUIdEpNWiwzYV,25/10/2018,0,267454,0.186,0.974,0.3,0.924,0.0672,0.0877,-12.141,0.0368,96.563,9,3,Sad,rock
Up Against (Blackout),Louder Now (Deluxe),Taking Back Sunday,7dx3zyB8aQHd2LQm0u1lwS,24/04/2006,0,182533,0.549,0.000785,0.876,0,0.288,0.741,-3.589,0.0404,146.549,6,3,Energetic,emo
Uprising,The Resistance,Muse,4VqPOruhp5EdPBeR92t6lQ,10/09/2009,75,304840,0.602,0.000202,0.905,0.064,0.117,0.411,-4.046,0.0775,128.019,2,4,Energetic,rock
Video Games - Remastered,Born To Die - The Paradise Edition,Lana Del Rey,0fBSs3fRoh1yJcne77fdu9,1/01/2012,68,281960,0.236,0.811,0.249,1.00E-06,0.087,0.181,-9.595,0.0348,72.847,6,5,Sad,pop
Video Killed The Radio Star,The Age Of Plastic,The Buggles,7o7E1nrHWncYY7PY94gCiX,10/01/1980,71,252773,0.68,0.103,0.678,0.00828,0.204,0.251,-11.548,0.0754,131.165,1,4,Happy,pop
Virtual Insanity - Remastered,High Times - The Singles 1992 - 2006,Jamiroquai,0dCr3qIupWh36ilLjRHi4P,6/11/2006,0,228333,0.651,0.13,0.946,0,0.148,0.508,-4.717,0.101,91.911,6,4,Happy,pop
Voices,The Sickness (10th Anniversary Edition),Disturbed,47H4oc7Zkihwae7ST7F4zp,12/03/2010,54,191960,0.589,0.000116,0.983,0.00211,0.0628,0.469,-2.521,0.121,110.007,10,4,Energetic,metal
Waiting,Skisser,Alice Boman,7eClkLWbrr3TorYedzaDkI,22/05/2013,0,184320,0.236,0.975,0.33,0.126,0.116,0.0827,-10.085,0.0325,86.546,8,4,Sad,rock
Waiting For Tomorrow (feat. Mike Shinoda),BYLAW EP,Martin Garrix,27YP211Rr8RezhiFVDLFI8,19/10/2018,56,247504,0.507,0.00731,0.887,0,0.562,0.336,-4.084,0.141,128.015,5,4,Energetic,edm
War,Rivals,Kensington,3h1in20DlO5KaSP1vLED90,8/08/2014,0,176652,0.641,0.079,0.806,0.00158,0.0708,0.721,-6.281,0.0323,125.987,8,4,Happy,rock
Wash It All Away,Got Your Six (Deluxe),Five Finger Death Punch,6AKWOVOJ81OQfsgxZbJ6QN,4/09/2015,63,224906,0.485,2.08E-05,0.987,0,0.267,0.272,-3.1,0.0738,123.576,4,4,Energetic,metal
Watersong,Wings Of Joy (Expanded Edition),Cranes,60kgQtJNMGRaFfzwy18XUY,1991,35,231506,0.656,0.809,0.102,0.788,0.0874,0.595,-20.337,0.0373,118.373,4,3,Sad,pop
We Are Your Friends - Justice Vs Simian,We Are Your Friends,Simian,49ErwcBYfYRPNBdRuPvpYA,1/01/2006,62,262773,0.615,0.0104,0.97,0.384,0.178,0.507,1.342,0.119,122.993,9,4,Happy,edm
We Wait,For Their Love,Other Lives,3QeaXGKRvt8cfHdrfdk5pL,24/04/2020,39,221662,0.387,0.654,0.577,0.127,0.163,0.447,-8.259,0.0353,149.048,1,4,Sad,rock
Welcome Home,Good Apollo I'm Burning Star IV Volume One: From Fear Through The Eyes Of Madness,Coheed and Cambria,42GP0xKtkolBnmqQRvSllO,15/01/2005,64,374973,0.442,0.00648,0.951,1.12E-06,0.0887,0.158,-5.27,0.11,154.004,11,4,Energetic,rock
"Welcome Home, Son",Ghost,Radical Face,13PUJCvdTSCT1dn70tlGdm,2/03/2007,0,285320,0.601,0.743,0.537,0.732,0.143,0.394,-9.464,0.0296,144.994,6,3,Sad,folk
What I Like About You,What I Like About You (And Other Romantic Hits),The Romantics,6NdcSEhpGGAYXNnnhGS2s6,1990,68,175400,0.542,0.319,0.915,5.34E-05,0.171,0.92,-9.637,0.0549,159.81,9,4,Happy,rock
What You Love You Must Love Now,Everywhere And Right Here,The Six Parts Seven,3L0fPX8biELkH57fF3Exkd,16/08/2004,59,322160,0.256,0.367,0.456,0.881,0.119,0.0682,-10.865,0.0306,70.357,4,4,Calm,rock
What's Good,What's Good,Fenne Lily,6OBl3esnGuz8PllwDWinWS,17/03/2017,49,216875,0.542,0.935,0.0957,6.40E-06,0.182,0.259,-14.518,0.0404,134.739,8,4,Sad,rock
Where Your Mind Wants to Go - RONE Remix,Where Your Mind Wants to Go (RONE Remix),Blonde Redhead,4pODZqgdj6Iwci7jruY5xf,10/08/2018,14,336481,0.651,0.333,0.848,0.763,0.101,0.154,-8.941,0.0458,119.977,10,4,Sad,pop
Whiskey In The Jar,"Garage, Inc.",Metallica,77gY3WsOnEsq9JOWgBmdLj,24/11/1998,0,304893,0.511,5.36E-06,0.972,0.00101,0.19,0.532,-3.751,0.0413,132.97,10,4,Energetic,rock
White Lies,We Sound Electric,Stacy Crowne,0BvlCuNiWLE78NiZCiUxM7,4/10/2019,18,208353,0.336,0.00797,0.88,0,0.445,0.485,-5.675,0.0739,155.004,6,4,Energetic,rock
Whitehaven,Whitehaven,Martèn LeGrand,2WuNoTD5hLhu1yVgMarTFq,31/07/2020,28,219000,0.498,0.983,0.18,0.928,0.0924,0.038,-19.819,0.0426,77.407,4,3,Calm,classical
Why Can't We Be Friends?,Why Can't We Be Friends?,War,413T0g8pNNXYX6t5RqHvx7,1/01/1975,58,230066,0.776,0.19,0.714,0,0.506,0.962,-9.044,0.0388,92.448,10,4,Happy,classical
Wild Wild Son - Club Mix,Wild Wild Son (Club Mix),Armin van Buuren,2Fgo49RzWsVWKcwAksPWq8,19/10/2018,35,218200,0.526,0.00138,0.867,0.00064,0.0975,0.12,-4.332,0.0659,132.106,5,4,Energetic,edm
Wish You Were Here - 2011 Remastered Version,Wish You Were Here [2011 - Remaster] (2011 Remastered Version),Pink Floyd,1wHSxWBfPr3GO31y8KGrWe,12/09/1975,0,334743,0.481,0.735,0.262,0.0114,0.832,0.375,-15.73,0.0414,122.883,7,4,Sad,rock
Words I Heard,Words I Heard,Julia Holter,12nUGGcjJgQYkGawzk0rJp,17/10/2018,18,399012,0.124,0.228,0.347,0.00325,0.147,0.16,-11.392,0.0335,76.868,1,4,Sad,pop
Worlds Collide - Edison Cole Remix,Worlds Collide (Remixes),NERVO,3JqpIjrQfmW68YkpxXWPL4,22/11/2019,55,192413,0.631,0.0149,0.862,6.23E-05,0.103,0.438,-4.114,0.0515,145.01,8,4,Happy,edm
Would You Rather,Stranger in the Alps,Phoebe Bridgers,4ctEt5qumxA8RuzdeQagkk,22/09/2017,49,199080,0.482,0.936,0.363,0.000109,0.104,0.261,-10.926,0.0309,135.779,10,4,Sad,pop
Wrong Way,Sublime Greatest Hits,Sublime,6uUqBB6wXrcIJWssTRfIYE,9/11/1999,1,136360,0.663,0.0655,0.671,0,0.107,0.955,-6.103,0.0395,74.453,9,4,Energetic,rock
Yam Yam,Yam Yam,No Vacation,1j56M8iOGH48yuKqj64qGK,12/05/2017,0,216038,0.445,0.319,0.591,0.766,0.107,0.0774,-9.004,0.0316,137.864,7,4,Sad,rock
You Can't Rely on My Love,You Can't Rely on My Love,Mordkey,6Nl2wvFyKjiyPKrhE4Rth1,4/05/2018,52,188571,0.686,0.0534,0.775,9.39E-06,0.44,0.454,-7.247,0.185,126.013,11,4,Happy,edm
You Get What You Give,Maybe You've Been Brainwashed Too,New Radicals,32lF1rsInDTdK6Av3KdfaY,1/01/1998,1,300773,0.621,0.17,0.901,0,0.0875,0.744,-5.396,0.0302,113.967,2,4,Happy,rock
You Were Bored,You Were Bored,Loyal Lobos,5BIWF6L3DnPkcuEuZmLHDz,15/07/2020,36,263080,0.291,0.781,0.419,0.00433,0.113,0.0613,-10.33,0.0305,114.935,6,4,Sad,rock
"You're Gonna Go Far, Kid",rock,Various Artists,7oypoJJHZOALqQlGKpTefk,22/07/2014,0,178333,0.547,0.00485,0.877,0,0.247,0.611,-5.135,0.0658,126.083,9,4,Energetic,metal
You're My Best Friend - Remastered 2011,Queen 40 Limited Edition Collector's Box Set,Queen,4vEXJ6NvEwS8ptynkNswaa,1/01/2011,57,170800,0.518,0.158,0.761,0.00765,0.0715,0.576,-7.025,0.0452,118.738,0,4,Happy,rock
Youth,The Wild Youth EP,Daughter,1JDMO4EVPHtm0xXhJb2IjR,29/02/2012,0,251626,0.588,0.61,0.477,0.00188,0.122,0.488,-12.71,0.0492,150.396,9,4,Sad,pop
blue,blue,Kamal.,7pt64sepCy5QmDrgy9wOJS,20/05/2020,58,184500,0.725,0.668,0.258,2.63E-05,0.0955,0.173,-14.065,0.255,127.876,11,3,Sad,pop
comethru,"summer,",Jeremy Zucker,18uwL0vNUanqZH0ro2QcOP,28/09/2018,78,181613,0.795,0.607,0.178,0,0.623,0.608,-11.991,0.0574,93.982,0,4,Sad,alt z
i don't want to watch the world end with someone else,i don't want to watch the world end with someone else,Clinton Kane,58qX77t2VWMWcycsh9zKLc,8/05/2020,68,184505,0.535,0.771,0.359,0,0.111,0.488,-9.343,0.0607,154.163,2,4,Sad,alt z
lovely (with Khalid),lovely (with Khalid),Billie Eilish,0u2P5u6lvoDfwTYjAADbn4,19/04/2018,88,200185,0.351,0.934,0.296,0,0.095,0.12,-10.109,0.0333,115.284,4,4,Sad,pop
no song without you,no song without you,HONNE,3KKUf8F2hktFscLgbH4YwR,12/06/2020,75,161536,0.778,0.463,0.462,0.583,0.11,0.817,-12.729,0.0359,105.45,0,4,Sad,pop
pass you by,the voicenotes,Alaina Castillo,4NVwMupCTfITPXetR5aozp,24/04/2020,60,245945,0.51,0.892,0.355,0,0.133,0.453,-6.883,0.0287,141.796,11,4,Sad,r&b
when the party's over,"WHEN WE ALL FALL ASLEEP, WHERE DO WE GO?",Billie Eilish,43zdsphuZLzwA9k4DJhU0I,29/03/2019,87,196077,0.367,0.978,0.111,3.97E-05,0.0897,0.198,-14.084,0.0972,82.642,4,4,Sad,pop
yellow is the color of her eyes,yellow is the color of her eyes,Soccer Mommy,4D3nttJPU6L0M2epr7sId6,19/11/2019,5,435080,0.452,0.757,0.515,0.12,0.14,0.191,-7.351,0.0255,80.537,11,4,Sad,pop
you broke me first,you broke me first,Tate McRae,45bE4HXI0AwGZXfZtMp8JR,17/04/2020,87,169265,0.642,0.786,0.374,0,0.0906,0.0799,-9.386,0.0545,124.099,4,4,Sad,alt z
you were good to me,brent,Jeremy Zucker,4CxFN5zON70B3VOPBYbd6P,3/05/2019,76,219146,0.561,0.913,0.0848,2.62E-05,0.112,0.206,-15.099,0.0404,102.128,2,4,Sad,alt z
